"ID","Term Name","parent","parentTerm","Category","Count","GeneRatio","Bnb","DMenv","DMevo","DMmut"
"GO:0055085","transmembrane transport","GO:0055085","transmembrane transport","BP",361,"361/2622","b0010,b0040,b0046,b0047,b0066,b0067,b0068,b0069,b0106,b0112,b0128,b0129,b0153,b0155,b0198,b0199,b0328,b0336,b0367,b0396,b0401,b0402,b0408,b0409,b0411,b0427,b0429,b0430,b0431,b0432,b0433,b0442,b0445,b0449,b0451,b0462,b0463,b0465,b0478,b0484,b0486,b0513,b0576,b0584,b0589,b0591,b0598,b0624,b0627,b0653,b0654,b0655,b0679,b0696,b0697,b0709,b0738,b0752,b0760,b0762,b0764,b0792,b0793,b0794,b0805,b0809,b0810,b0811,b0813,b0818,b0829,b0830,b0831,b0832,b0842,b0845,b0847,b0855,b0857,b0860,b0862,b0863,b0874,b0875,b0879,b0886,b0887,b0898,b0914,b0933,b0936,b0957,b0960,b1015,b1037,b1053,b1102,b1117,b1124,b1125,b1126,b1186,b1198,b1216,b1243,b1244,b1245,b1252,b1256,b1293,b1294,b1329,b1342,b1451,b1453,b1534,b1599,b1600,b1644,b1657,b1663,b1709,b1729,b1736,b1738,b1755,b1791,b1798,b1817,b1818,b1819,b1821,b1828,b1831,b1858,b1859,b1889,b1890,b1900,b1901,b1907,b1917,b1918,b1920,b1985,b2008,b2014,b2075,b2076,b2077,b2093,b2095,b2106,b2130,b2148,b2149,b2150,b2155,b2156,b2167,b2169,b2177,b2178,b2179,b2180,b2182,b2201,b2211,b2215,b2240,b4544,b2258,b2276,b2277,b2278,b2287,b2292,b2298,b2306,b2307,b2308,b2322,b2389,b2392,b2393,b2410,b2413,b2415,b2416,b2417,b2422,b2423,b2424,b2429,b2470,b2493,b2497,b2536,b2546,b2578,b2663,b2670,b2678,b2679,b2682,b2683,b2685,b2686,b2703,b2704,b2706,b2707,b2775,b2789,b2796,b2825,b2835,b2841,b2923,b2924,b2933,b2943,b2964,b2968,b3005,b3006,b3009,b3040,b3078,b3089,b3093,b3116,b3132,b3133,b3161,b3175,b3196,b3201,b3204,b3206,b3224,b3240,b3241,b3258,b3266,b3290,b3291,b3300,b3350,b3351,b3358,b3364,b3367,b3415,b4476,b3450,b3451,b3452,b3453,b3454,b3455,b3456,b3457,b3463,b3469,b3471,b3473,b3474,b3476,b3477,b3478,b3479,b3480,b3486,b3496,b3514,b3523,b3528,b3539,b3540,b3541,b3542,b3543,b3544,b3547,b3566,b3567,b3568,b3597,b3599,b3603,b3609,b3653,b3654,b3662,b3666,b3667,b3685,b3710,b3714,b3724,b3725,b3726,b3727,b3728,b3734,b3737,b3746,b3747,b3749,b3750,b3751,b3754,b3795,b3816,b3823,b3824,b3836,b3838,b3839,b3849,b3907,b3909,b3915,b3917,b3927,b3943,b3947,b3949,b3950,b3953,b3962,b3981,b4020,b4032,b4033,b4034,b4035,b4044,b4065,b4067,b4077,b4111,b4115,b4123,b4130,b4138,b4141,b4148,b4156,b4159,b4193,b4194,b4195,b4208,b4227,b4230,b4231,b4242,b4261,b4262",0.262811852413013,0.115591288873111,0.166956500804551
"GO:0006355","regulation of DNA-templated transcription","GO:0006355","regulation of DNA-templated transcription","BP",201,"201/2622","b0014,b0020,b0034,b0059,b0064,b0069,b0076,b0080,b0081,b0101,b0113,b0162,b0176,b0208,b0313,b0315,b0357,b0382,b0399,b0400,b0413,b0416,b0464,b0476,b0487,b0506,b0603,b0610,b0619,b0620,b0683,b0685,b0687,b0694,b0761,b0796,b0817,b0840,b0846,b0880,b0889,b0912,b0956,b0959,b0990,b0994,b0995,b1013,b1040,b1071,b1111,b1130,b1183,b1187,b1201,b1221,b1235,b1237,b1284,b1303,b1304,b1305,b1323,b1334,b1341,b1434,b1439,b1530,b1531,b1618,b1622,b1625,b1642,b1649,b1712,b1735,b1827,b1864,b1892,b1914,b1916,b1922,b1951,b1969,b1976,b1987,b1988,b2015,b2079,b2105,b2125,b2151,b2156,b2157,b2163,b2193,b2213,b2217,b2369,b2381,b2382,b2399,b2409,b2415,b2437,b2479,b2531,b2535,b2561,b2572,b2573,b2577,b2664,b2667,b2684,b2697,b2706,b2707,b2709,b2731,b2741,b2768,b2805,b2808,b2837,b2869,b2916,b3010,b3023,b3025,b3067,b3071,b3075,b3094,b3105,b3131,b3169,b3181,b3202,b3210,b3226,b3229,b3237,b3243,b3261,b3289,b3292,b3319,b3357,b3405,b3406,b3438,b3461,b3481,b3516,b3521,b3569,b3601,b3604,b3641,b3711,b3743,b3755,b4480,b3773,b3828,b3842,b3868,b3869,b3905,b3912,b3934,b3938,b3954,b3961,b3963,b3973,b3982,b3995,b4018,b4043,b4046,b4062,b4063,b4113,b4116,b4118,b4124,b4125,b4135,b4172,b4178,b4187,b4191,b4241,b4324,b4357,b4393,b4396,b4398,b4401",0.0269921131001496,0.0553024012529701,0.0473211585599063
"GO:0006974","cellular response to DNA damage stimulus","GO:0006974","cellular response to DNA damage stimulus","BP",187,"187/2622","b0030,b0050,b0060,b0099,b0145,b0183,b0231,b0234,b0397,b0398,b0424,b0426,b0442,b0454,b0473,b0506,b0591,b0592,b0679,b0685,b0708,b0714,b0760,b0779,b0792,b0802,b0804,b0830,b0852,b0876,b0877,b0892,b0902,b0916,b0949,b0957,b0958,b0962,b1008,b1019,b1035,b1050,b1061,b1080,b1104,b1131,b1183,b1197,b1198,b1200,b1284,b1335,b1633,b1652,b1664,b1724,b1728,b1732,b1740,b1741,b1749,b1759,b1780,b1808,b1831,b1844,b1848,b1860,b1861,b1863,b1896,b1930,b1960,b1967,b1968,b1993,b2009,b2011,b2024,b2068,b2080,b2107,b2135,b2148,b2149,b2184,b2212,b2213,b2215,b2266,b2290,b2294,b2411,b2500,b2506,b2544,b2565,b2580,b2616,b2663,b2698,b2699,b2733,b2819,b2820,b2831,b2889,b2892,b2922,b2949,b2961,b2971,b3001,b3050,b3068,b3071,b3080,b3153,b3155,b3191,b3222,b3385,b3387,b3399,b3408,b3429,b3431,b3432,b3433,b3438,b3480,b3503,b3516,b3526,b3528,b3549,b3562,b3588,b3597,b3603,b3604,b3635,b3647,b3652,b3688,b3700,b3701,b3726,b3728,b3744,b3813,b3822,b3831,b3863,b3892,b3926,b3935,b3959,b3961,b3990,b3998,b4000,b4005,b4033,b4034,b4043,b4058,b4059,b4144,b4149,b4154,b4170,b4177,b4187,b4189,b4213,b4239,b4322,b4335,b4352,b4353,b4377,b4381,b4382,b4383,b4384,b4389",0.183353428663046,0.09546879729194,0.117695203319192
"GO:0016310","phosphorylation","GO:0016310","phosphorylation","BP",144,"144/2622","b0002,b0003,b0025,b0063,b0103,b0114,b0115,b0116,b0129,b0142,b0171,b0242,b0323,b0388,b0394,b0400,b0417,b0474,b0514,b0521,b0570,b0607,b0619,b0679,b0729,b0755,b0758,b0910,b0993,b1106,b1119,b1129,b1198,b1199,b1200,b1208,b1238,b1609,b1636,b1640,b1702,b1703,b1738,b1779,b1783,b1817,b1849,b1887,b1888,b1968,b1993,b2066,b2078,b2086,b2097,b2100,b2103,b2104,b2126,b2167,b2168,b2169,b2216,b2296,b2380,b2388,b2415,b2416,b2417,b2418,b2429,b2469,b2498,b2501,b2518,b2555,b2556,b2566,b2615,b2703,b2704,b2750,b2776,b2779,b2784,b2786,b2803,b2874,b2925,b2926,b2928,b2933,b3026,b3052,b3096,b3115,b3124,b3133,b3176,b3204,b3206,b3210,b3222,b3236,b3355,b3404,b3437,b3526,b3564,b3599,b3612,b3630,b3648,b3650,b3785,b3835,b3848,b3859,b3869,b3904,b3911,b3916,b3919,b3926,b3940,b3947,b3950,b3953,b3959,b3974,b4003,b4024,b4025,b4042,b4112,b4125,b4168,b4173,b4194,b4195,b4355,b4390,b4395,b4399",0.116195028768935,0.110195338256801,0.0957679331767806
"GO:0006351","DNA-templated transcription","GO:0006351","DNA-templated transcription","BP",220,"220/2622","b0014,b0020,b0034,b0059,b0064,b0069,b0076,b0080,b0081,b0101,b0113,b0162,b0176,b0189,b0208,b0313,b0315,b0357,b0378,b0382,b0399,b0400,b0413,b0416,b0435,b0440,b0464,b0476,b0487,b0506,b0603,b0610,b0619,b0620,b0659,b0683,b0685,b0687,b0694,b0761,b0796,b0817,b0840,b0846,b0880,b0889,b0912,b0956,b0959,b0990,b0994,b0995,b1013,b1040,b1071,b1111,b1130,b1183,b1187,b1201,b1221,b1235,b1237,b1284,b1303,b1304,b1305,b1323,b1334,b1341,b1434,b1439,b1530,b1531,b1618,b1622,b1625,b1642,b1649,b1712,b1735,b1827,b1864,b1892,b1914,b1916,b1922,b1951,b1969,b1976,b1987,b1988,b2015,b2079,b2105,b2125,b2151,b2156,b2157,b2163,b2193,b2213,b2217,b2231,b2369,b2381,b2382,b2399,b2409,b2415,b2437,b2479,b2531,b2533,b2535,b2561,b2572,b2573,b2576,b2577,b2664,b2667,b2684,b2697,b2706,b2707,b2709,b2731,b2741,b2768,b2805,b2808,b2837,b2869,b2916,b2949,b3010,b3023,b3025,b3067,b3071,b3075,b3094,b3105,b3131,b3169,b3181,b3202,b3210,b3226,b3229,b3237,b3243,b3261,b3289,b3292,b3295,b3296,b3319,b3321,b3357,b3405,b3406,b3438,b3461,b3481,b3516,b3521,b3569,b3601,b3604,b3641,b3649,b3699,b3711,b3743,b3755,b4480,b3773,b3783,b3828,b3842,b3868,b3869,b3905,b3912,b3934,b3938,b3954,b3961,b3963,b3973,b3982,b3987,b3988,b3995,b4000,b4018,b4043,b4046,b4062,b4063,b4113,b4116,b4118,b4124,b4125,b4135,b4172,b4178,b4187,b4191,b4241,b4260,b4324,b4357,b4393,b4396,b4398,b4401",0.0180280508050865,0.0512726313900728,0.0368069427366474
"GO:0005975","carbohydrate metabolic process","GO:0005975","carbohydrate metabolic process","BP",235,"235/2622","b0008,b0061,b0062,b0063,b0064,b0090,b0096,b0114,b0115,b0116,b0118,b0124,b0130,b0179,b0180,b0181,b0182,b0200,b0207,b0222,b0239,b0385,b0394,b0403,b0524,b0675,b0677,b0678,b0713,b0755,b0756,b0758,b0759,b0767,b0806,b0815,b0825,b0902,b0903,b0918,b0980,b1002,b1048,b1094,b1107,b1119,b1136,b1197,b1198,b1199,b1200,b1201,b1215,b1236,b1279,b1280,b1424,b1542,b1613,b1640,b1702,b1727,b1733,b1734,b1779,b1780,b1814,b1850,b1851,b1852,b1855,b1856,b1896,b1897,b1927,b2028,b2029,b2042,b2091,b2093,b2095,b2096,b2097,b2132,b2168,b2172,b2174,b2175,b2239,b2240,b2241,b2242,b2253,b2254,b2255,b2256,b4544,b2258,b2293,b2376,b2378,b2388,b2415,b2417,b2428,b2533,b2544,b2571,b2696,b2705,b2708,b2768,b2776,b2779,b2789,b2797,b2799,b2800,b2803,b2805,b2837,b2842,b2843,b2901,b2914,b2925,b2926,b2927,b2996,b3012,b3049,b3052,b3076,b3080,b3091,b3092,b4471,b3114,b3124,b3125,b3126,b3128,b3132,b3176,b3197,b3198,b3222,b3223,b3225,b3236,b3355,b3385,b3386,b3403,b3415,b3416,b3417,b3425,b3426,b3429,b3430,b3431,b3432,b4476,b3437,b3438,b3449,b3519,b3526,b3546,b3553,b3564,b3565,b3566,b3567,b3568,b3571,b3600,b3605,b3608,b3612,b3614,b3619,b3620,b3621,b3630,b3631,b3656,b3729,b3730,b3748,b3784,b3785,b3786,b3787,b3788,b3789,b3790,b3791,b3792,b3793,b3794,b3901,b3902,b3903,b3904,b3905,b3916,b3919,b3925,b3926,b3945,b3946,b3952,b3956,b4014,b4015,b4018,b4025,b4027,b4028,b4029,b4119,b4192,b4196,b4197,b4198,b4214,b4232,b4239,b4241,b4323,b4357,b4381,b4395",0.13728906322802,0.16307007945452,0.13990006685491
"GO:0006508","proteolysis","GO:0006508","proteolysis","BP",95,"95/2622","b0027,b0084,b0120,b0131,b0149,b0168,b0176,b0227,b0237,b0376,b0437,b0438,b0439,b0494,b0632,b0635,b0659,b0819,b0828,b0839,b0881,b0882,b0909,b0926,b0932,b0955,b0970,b0975,b1071,b1183,b1192,b1204,b1235,b1272,b1326,b1538,b1678,b1708,b1766,b1807,b1829,b1830,b1845,b1856,b1976,b1990,b2010,b2081,b2134,b2175,b2209,b2328,b2384,b2385,b2494,b2519,b2520,b2523,b2568,b2717,b2742,b2753,b2821,b2872,b2908,b2936,b2972,b2993,b3178,b3182,b3234,b3235,b3244,b3424,b3447,b3459,b3498,b3527,b3613,b3638,b3765,b3847,b4484,b3931,b3932,b4021,b4043,b4160,b4175,b4188,b4190,b4206,b4235,b4260,b4328",-0.0168610854162675,0.00420169517335943,-0.0330980470863991
"GO:0009401","phosphoenolpyruvate-dependent sugar phosphotransferase system","GO:0009401","phosphoenolpyruvate-dependent sugar phosphotransferase system","BP",33,"33/2622","b0129,b0679,b1198,b1736,b1738,b1817,b1818,b1819,b2093,b2095,b2167,b2169,b2415,b2416,b2417,b2429,b2703,b2704,b2706,b2707,b2933,b3132,b3133,b3204,b3206,b3599,b3947,b3949,b3950,b3953,b4193,b4194,b4195",0.247416590531375,0.322935385028947,0.0660127749190369
"GO:0046677","response to antibiotic","GO:0046677","response to antibiotic","BP",68,"68/2622","b0026,b0048,b0149,b0179,b0462,b0463,b0591,b0635,b0739,b0740,b0762,b0795,b0842,b0879,b1018,b1045,b1053,b1530,b1531,b1663,b1719,b1791,b1830,b2182,b2211,b2217,b2231,b2253,b2254,b2255,b2256,b2259,b2290,b2381,b2435,b2470,b2517,b2519,b2521,b2617,b2666,b2684,b2685,b2686,b2963,b3030,b3057,b3182,b3191,b3296,b3303,b3305,b3311,b3315,b3319,b3342,b3463,b3514,b3636,b3699,b3710,b3724,b3935,b3987,b3988,b4113,b4150,b4394",-0.0229336947496037,0.00398363939772081,0.0168476534358677
"GO:0006310","DNA recombination","GO:0006310","DNA recombination","BP",34,"34/2622","b0132,b0393,b0397,b0398,b0892,b0912,b0962,b1712,b1763,b1860,b1861,b1863,b2565,b2616,b2699,b2733,b2819,b2820,b2831,b2892,b2894,b3237,b3261,b3461,b3652,b3811,b3813,b3822,b3832,b3935,b4059,b4170,b4260,b4389",-0.158068110145213,-0.0857450552359388,-0.0961958050104102
"GO:0006412","translation","GO:0006412","translation","BP",118,"118/2622","b0023,b0026,b0097,b0118,b0144,b0169,b0170,b0172,b0191,b0194,b0481,b0526,b0528,b0637,b0659,b0852,b0893,b0911,b0912,b0930,b0953,b1089,b1204,b1212,b1237,b1282,b1712,b1716,b1717,b1718,b1719,b1787,b2171,b2184,b2185,b2316,b2400,b2514,b2569,b2597,b2606,b2609,b2619,b2620,b2696,b2697,b2827,b3065,b3162,b3165,b3168,b3170,b3185,b3186,b3203,b3230,b3231,b3287,b3288,b4550,b3294,b3296,b3297,b3298,b3299,b3301,b3302,b3303,b3304,b3305,b3306,b3307,b3308,b3309,b3310,b3311,b3312,b3313,b3314,b3315,b3316,b3317,b3318,b3319,b3320,b3321,b3340,b3341,b3342,b3384,b3407,b3486,b3559,b3560,b3590,b3591,b3636,b3637,b3687,b3703,b3842,b3848,b3936,b3983,b3984,b3985,b3986,b4147,b4155,b4171,b4172,b4173,b4200,b4202,b4203,b4258,b4375,b4391",-0.0342994570972677,0.00288772483829676,-0.00222774424160087
"GO:0051301","cell division","GO:0051301","cell division","BP",82,"82/2622","b0065,b0083,b0084,b0085,b0086,b0087,b0088,b0089,b0090,b0091,b0093,b0094,b0095,b0102,b0174,b0211,b0436,b0438,b0473,b0632,b0633,b0634,b0737,b0738,b0739,b0740,b0742,b0923,b0924,b0956,b0958,b1107,b1174,b1175,b1176,b1193,b1254,b1280,b1731,b1856,b1916,b2134,b2136,b2184,b2314,b2412,b2435,b2472,b2516,b2519,b2549,b2742,b2748,b2777,b2817,b2894,b2910,b2963,b3009,b3017,b3163,b3182,b3189,b3232,b3247,b3251,b3361,b3388,b3462,b3463,b3613,b3641,b3742,b3811,b3865,b3933,b3972,b4142,b4143,b4169,b4206,b4233",-0.123245783811581,-0.070883790555035,-0.0509945244670587
"GO:0008652","cellular amino acid biosynthetic process","GO:0008652","cellular amino acid biosynthetic process","BP",111,"111/2622","b0002,b0003,b0004,b0031,b0032,b0048,b0071,b0072,b0073,b0074,b0077,b0078,b0131,b0159,b0166,b0242,b0243,b0386,b0388,b0507,b0529,b0674,b0754,b0800,b0849,b0870,b0893,b0907,b0908,b1096,b1190,b1260,b1261,b1263,b1524,b1622,b1693,b1761,b1812,b1987,b2019,b2020,b2022,b2024,b2025,b2026,b2290,b2319,b2329,b2379,b2413,b2414,b2421,b2472,b2478,b2551,b2599,b2600,b2601,b2662,b2687,b2764,b2818,b2838,b2870,b2913,b3008,b3117,b3172,b3212,b3213,b3237,b3281,b3359,b3360,b3389,b3433,b3447,b3475,b3572,b3591,b3607,b3616,b3670,b3671,b3712,b3744,b3769,b3770,b3771,b3773,b3774,b3809,b3828,b3829,b3870,b3938,b3939,b3940,b3941,b3957,b3958,b3959,b3960,b4013,b4019,b4024,b4053,b4054,b4243,b4388",0.489398258754494,0.0138424274097231,0.176171384332924
"GO:0000160","phosphorelay signal transduction system","GO:0000160","phosphorelay signal transduction system","BP",58,"58/2622","b0196,b0399,b0400,b0570,b0619,b0620,b0694,b0993,b0995,b1129,b1130,b1221,b1235,b1303,b1323,b1609,b1882,b1883,b1888,b1914,b1968,b1969,b2078,b2079,b2125,b2126,b2193,b2216,b2217,b2340,b2369,b2380,b2381,b2469,b2555,b2556,b2709,b2731,b2786,b3025,b3026,b3210,b3398,b3404,b3405,b3667,b3868,b3869,b3911,b3912,b4003,b4112,b4113,b4124,b4125,b4398,b4399,b4401",-0.0840555500042921,0.0103957914141315,0.000609926158333137
"GO:0009061","anaerobic respiration","GO:0009061","anaerobic respiration","BP",41,"41/2622","b0156,b0723,b0896,b0974,b0993,b0994,b0996,b0997,b1227,b1334,b1590,b1873,b2202,b2203,b2206,b2241,b2242,b2994,b2995,b2996,b2997,b3236,b3365,b3366,b3426,b3518,b3551,b3605,b3892,b3893,b4070,b4071,b4072,b4073,b4123,b4138,b4151,b4152,b4153,b4154,b4380",0.439173731976979,0.534789194207389,0.450440743194196
"GO:0009252","peptidoglycan biosynthetic process","GO:0009252","peptidoglycan biosynthetic process","BP",39,"39/2622","b0084,b0085,b0086,b0087,b0088,b0089,b0090,b0091,b0092,b0149,b0174,b0381,b0632,b0634,b0635,b0819,b0839,b1097,b1105,b1107,b1192,b1278,b1678,b1782,b1990,b2010,b2134,b2328,b2519,b3057,b3147,b3176,b3182,b3189,b3208,b3730,b3967,b3972,b4233",-0.128664653252986,-0.0886101174128488,-0.0859335230790615
"GO:0071555","cell wall organization","GO:0071555","cell wall organization","BP",58,"58/2622","b0084,b0085,b0086,b0087,b0088,b0089,b0090,b0091,b0092,b0110,b0149,b0174,b0211,b0376,b0381,b0433,b0632,b0633,b0634,b0635,b0772,b0819,b0839,b0867,b0920,b1081,b1097,b1107,b1192,b1193,b1325,b1326,b1678,b1856,b1990,b2010,b2126,b2134,b2175,b2380,b2435,b2519,b2558,b2701,b2817,b2963,b3032,b3057,b3182,b3189,b3208,b3730,b3784,b3967,b3972,b4169,b4233,b4392",-0.0874546332776144,-0.0420288622976384,-0.0780270354186053
"GO:0009103","lipopolysaccharide biosynthetic process","GO:0009103","lipopolysaccharide biosynthetic process","BP",32,"32/2622","b0200,b0222,b0815,b0918,b1215,b1236,b1855,b2028,b2042,b2174,b2253,b2254,b2255,b2256,b4544,b2258,b2378,b2708,b3052,b3197,b3198,b3546,b3619,b3620,b3621,b3630,b3631,b3730,b3784,b3785,b3788,b3789",0.00755071376799495,0.118307796951848,-0.0108142099853848
"GO:0006629","lipid metabolic process","GO:0006629","lipid metabolic process","BP",131,"131/2622","b0029,b0039,b0042,b0090,b0096,b0118,b0173,b0174,b0175,b0179,b0180,b0181,b0182,b0185,b0200,b0221,b0222,b0404,b0418,b0419,b0420,b0421,b0443,b0452,b0493,b0494,b0524,b0628,b0630,b0686,b0736,b0789,b0815,b0918,b0954,b1046,b1090,b1091,b1092,b1093,b1094,b1095,b1187,b1208,b1215,b1234,b1236,b1249,b1253,b1278,b1279,b1280,b1539,b1619,b1758,b1805,b1855,b1912,b2028,b2042,b2086,b2174,b2239,b2253,b2254,b2255,b2256,b4544,b2258,b2296,b2316,b2323,b2341,b2342,b2378,b2515,b2533,b2553,b2560,b2563,b2585,b2708,b2746,b2747,b2835,b2836,b2844,b2889,b3018,b3052,b3059,b3081,b4471,b3113,b3114,b3115,b3117,b3187,b3197,b3198,b3209,b3255,b3256,b3353,b3449,b3475,b3546,b3608,b3619,b3620,b3621,b3630,b3631,b3730,b3784,b3785,b3788,b3789,b3821,b3825,b3845,b3846,b3888,b3918,b3963,b4042,b4149,b4160,b4214,b4269,b4377",0.0147517845732143,0.0603043122411986,0.0483704843362184
"GO:0008360","regulation of cell shape","GO:0008360","regulation of cell shape","BP",41,"41/2622","b0084,b0085,b0086,b0087,b0088,b0089,b0090,b0091,b0092,b0149,b0174,b0376,b0381,b0632,b0634,b0635,b0780,b0819,b0839,b1105,b1107,b1192,b1678,b1990,b2010,b2134,b2516,b2519,b2896,b3057,b3147,b3182,b3189,b3208,b3249,b3250,b3251,b3730,b3967,b3972,b4233",-0.118631481483762,-0.0772806683914015,-0.0928102754819933
"GO:0009408","response to heat","GO:0009408","response to heat","BP",52,"52/2622","b0014,b0212,b0424,b0436,b0437,b0439,b0473,b0631,b0659,b0781,b0797,b0881,b0882,b0931,b0935,b0966,b0968,b1132,b1185,b1243,b1304,b1379,b1530,b1833,b2327,b2584,b2592,b2614,b2922,b2936,b3034,b3067,b3153,b3164,b3349,b3400,b3401,b3461,b3686,b3687,b3724,b3871,b3887,b3908,b3931,b3932,b4142,b4143,b4171,b4173,b4174,b4175",0.0671043339109213,0.0364167511645253,0.0611961593412017
"GO:0032259","methylation","GO:0032259","methylation","BP",51,"51/2622","b0082,b0195,b0636,b0661,b0807,b0921,b0948,b0967,b1212,b1335,b1519,b1835,b1884,b1961,b2213,b2232,b2330,b2517,b2532,b2575,b2581,b2607,b2743,b2785,b2806,b2827,b2946,b2960,b3084,b3146,b3179,b3259,b3262,b3289,b3368,b3387,b3465,b3497,b3499,b3606,b3651,b3706,b3740,b3741,b3829,b3833,b3965,b4019,b4180,b4371,b4403",0.00170418862073488,0.0537922984459608,0.0713282106001236
"GO:0006260","DNA replication","GO:0006260","DNA replication","BP",56,"56/2622","b0014,b0060,b0099,b0183,b0184,b0214,b0231,b0397,b0398,b0467,b0640,b0687,b0880,b0892,b0923,b0924,b1099,b1652,b1763,b1842,b1844,b1863,b2009,b2011,b2231,b2234,b2235,b2411,b2496,b2675,b2676,b2798,b2916,b3066,b3149,b3387,b3498,b3647,b3699,b3700,b3701,b3702,b3781,b3813,b3822,b3863,b3935,b4043,b4052,b4059,b4201,b4238,b4259,b4361,b4362,b4372",-0.0224022234279056,-0.0479642010196516,-0.001261962189257
"GO:0009058","biosynthetic process","GO:0009058","biosynthetic process","BP",854,"854/2622","b0002,b0003,b0004,b0009,b0014,b0020,b0023,b0025,b0026,b0027,b0029,b0031,b0032,b0034,b0048,b0050,b0052,b0059,b0060,b0061,b0062,b0063,b0064,b0069,b0071,b0072,b0073,b0074,b0076,b0077,b0078,b0080,b0081,b0084,b0085,b0086,b0087,b0088,b0089,b0090,b0091,b0092,b0096,b0097,b0101,b0103,b0109,b0113,b0115,b0118,b0120,b0121,b0125,b0131,b0133,b0134,b0142,b0144,b0146,b0149,b0154,b0159,b0160,b0162,b0166,b0169,b0170,b0171,b0172,b0173,b0174,b0175,b0176,b0179,b0180,b0181,b0182,b0184,b0185,b0189,b0191,b0194,b0200,b0207,b0208,b0222,b0231,b0238,b0242,b0243,b0311,b0313,b0315,b0357,b0369,b0378,b0381,b0382,b0385,b0386,b0388,b0399,b0400,b0404,b0405,b0406,b0413,b0414,b0415,b0416,b0417,b0418,b0419,b0420,b0421,b0423,b0425,b0428,b0435,b0440,b0444,b0446,b0464,b0467,b0469,b0474,b0475,b0476,b0481,b0487,b0506,b0507,b0522,b0523,b0524,b0526,b0528,b0529,b0581,b0583,b4511,b0586,b0593,b0594,b0595,b0596,b0597,b0603,b0605,b0607,b0610,b0614,b0619,b0620,b0628,b0630,b0632,b0634,b0635,b0637,b0638,b0640,b0657,b0659,b0662,b0674,b0683,b0685,b0687,b0694,b0750,b0754,b0755,b0759,b0761,b0774,b0775,b0778,b0781,b0782,b0783,b0784,b0785,b0789,b0796,b0800,b0803,b0806,b0815,b0817,b0819,b0826,b0827,b0839,b0840,b0844,b0846,b0849,b0852,b0870,b0876,b0880,b0886,b0889,b0893,b0907,b0908,b0910,b0911,b0912,b0918,b0930,b0931,b0945,b0953,b0954,b0956,b0959,b0963,b0990,b0994,b0995,b1013,b1040,b1046,b1048,b1062,b1071,b1089,b1090,b1091,b1092,b1093,b1094,b1095,b1096,b1097,b1099,b1105,b1106,b1107,b1111,b1130,b1131,b1183,b1187,b1190,b1192,b1201,b1204,b1208,b1210,b1212,b1215,b1221,b1232,b1235,b1236,b1237,b1238,b1241,b1249,b1253,b1260,b1261,b1263,b1270,b1277,b1278,b1280,b1281,b1282,b1284,b1303,b1304,b1305,b1306,b1323,b1334,b1341,b1406,b1424,b1434,b1439,b1524,b1530,b1531,b1539,b1606,b1613,b1618,b1622,b1625,b1636,b1642,b1649,b1662,b1678,b1686,b1693,b1702,b1712,b1716,b1717,b1718,b1719,b1735,b1740,b1758,b1761,b1768,b1782,b1787,b1805,b1812,b1814,b1827,b1842,b1849,b1855,b1856,b1864,b1865,b1892,b1896,b1897,b1912,b1914,b1916,b1922,b1951,b1967,b1969,b1976,b1987,b1988,b1990,b1991,b1992,b1993,b2010,b2015,b2019,b2020,b2022,b2024,b2025,b2026,b2028,b2042,b2065,b2066,b2079,b2086,b2103,b2104,b2105,b2125,b2134,b2151,b2153,b2156,b2157,b2163,b2171,b2174,b2175,b2184,b2185,b2193,b2197,b2198,b2199,b2200,b2201,b2206,b2213,b2217,b2231,b2232,b2234,b2235,b2253,b2254,b2255,b2256,b4544,b2258,b2260,b2261,b2262,b2263,b2264,b2265,b2290,b2291,b2296,b2303,b2311,b2312,b2313,b2315,b2316,b2319,b2320,b2323,b2328,b2329,b2369,b2376,b2378,b2379,b2381,b2382,b2399,b2400,b2409,b2413,b2414,b2415,b2418,b2421,b2436,b2437,b2472,b2476,b2478,b2479,b2498,b2499,b2500,b2501,b2507,b2508,b2514,b2515,b2518,b2519,b2530,b2531,b2533,b2535,b2551,b2553,b2557,b2560,b2561,b2563,b2564,b2569,b2571,b2572,b2573,b2574,b2576,b2577,b2585,b2597,b2599,b2600,b2601,b2606,b2609,b2615,b2619,b2620,b2662,b2664,b2667,b2675,b2676,b2684,b2687,b2688,b2696,b2697,b2700,b2706,b2707,b2708,b2709,b2731,b2741,b2746,b2747,b2750,b2751,b2752,b2762,b2764,b2765,b2768,b2777,b2780,b2784,b2794,b2797,b2805,b2808,b2818,b2827,b2828,b2836,b2837,b2838,b2844,b2866,b2867,b2868,b2869,b2870,b2877,b2881,b2889,b2906,b2907,b2912,b2913,b2916,b2925,b2926,b2927,b2937,b2942,b2947,b2949,b2955,b2965,b3008,b3010,b3012,b3018,b3023,b3025,b3041,b3042,b3052,b3057,b3058,b3059,b3065,b3066,b3067,b3071,b3075,b3094,b3105,b4471,b3117,b3131,b3147,b3153,b3157,b3158,b3159,b3162,b3165,b3168,b3169,b3170,b3172,b3176,b3177,b3181,b3182,b3185,b3186,b3187,b3189,b3197,b3198,b3202,b3203,b3208,b3209,b3210,b3212,b3213,b3226,b3229,b3230,b3231,b3237,b3243,b3255,b3256,b3261,b3281,b3287,b3288,b3289,b4550,b3292,b3294,b3295,b3296,b3297,b3298,b3299,b3301,b3302,b3303,b3304,b3305,b3306,b3307,b3308,b3309,b3310,b3311,b3312,b3313,b3314,b3315,b3316,b3317,b3318,b3319,b3320,b3321,b3340,b3341,b3342,b3353,b3357,b3359,b3360,b3368,b3384,b3385,b3389,b3403,b3405,b3406,b3407,b3412,b3416,b3429,b3430,b3432,b3433,b3438,b3447,b3459,b3461,b3470,b3471,b3475,b3481,b3486,b3516,b3521,b3546,b3559,b3560,b3569,b3572,b3590,b3591,b3601,b3604,b3607,b3608,b3610,b3616,b3617,b3619,b3620,b3621,b3630,b3631,b3634,b3636,b3637,b3639,b3640,b3641,b3642,b3649,b3650,b3670,b3671,b3687,b3699,b3700,b3701,b3703,b3711,b3712,b3729,b3730,b3731,b3733,b3734,b3735,b3736,b3737,b3738,b3743,b3744,b3755,b4480,b3769,b3770,b3771,b3773,b3774,b3779,b3781,b3783,b3784,b3785,b3786,b3787,b3788,b3789,b3790,b3791,b3792,b3793,b3794,b3802,b3804,b3805,b3806,b3809,b3812,b3828,b3829,b3831,b3833,b3834,b3835,b3842,b3843,b3848,b3850,b3856,b3857,b3863,b3867,b3868,b3869,b3870,b3888,b3895,b3905,b3912,b3918,b3919,b3925,b3930,b3934,b3935,b3936,b3938,b3939,b3940,b3941,b3954,b3956,b3957,b3958,b3959,b3960,b3961,b3963,b3967,b3972,b3973,b3974,b3982,b3983,b3984,b3985,b3986,b3987,b3988,b3990,b3991,b4407,b3992,b3993,b3994,b3995,b3997,b4000,b4005,b4006,b4013,b4018,b4019,b4024,b4025,b4027,b4028,b4029,b4039,b4042,b4043,b4046,b4052,b4053,b4054,b4062,b4063,b4113,b4116,b4118,b4124,b4125,b4135,b4138,b4147,b4155,b4160,b4166,b4171,b4172,b4173,b4177,b4178,b4187,b4191,b4196,b4200,b4201,b4202,b4203,b4214,b4232,b4233,b4238,b4241,b4243,b4244,b4245,b4258,b4259,b4260,b4324,b4357,b4361,b4362,b4372,b4375,b4383,b4388,b4390,b4391,b4393,b4396,b4398,b4401",0.116871202759307,0.0288654762667934,0.0529878598825449
"GO:0071973","bacterial-type flagellum-dependent cell motility","GO:0071973","bacterial-type flagellum-dependent cell motility","BP",42,"42/2622","b0385,b0853,b1035,b1072,b1073,b1074,b1075,b1076,b1077,b1079,b1080,b1081,b1083,b1194,b1218,b1333,b1341,b1535,b1881,b1882,b1888,b1889,b1890,b1925,b1926,b1937,b1938,b1939,b1940,b1942,b1943,b1945,b2147,b2603,b2604,b2689,b3049,b3525,b4152,b4153,b4154,b4355",1.26718370941494,1.00211202853308,0.338330726720052
"GO:0034219","carbohydrate transmembrane transport","GO:0034219","carbohydrate transmembrane transport","BP",58,"58/2622","b0129,b0679,b1198,b1736,b1738,b1817,b1818,b1819,b1900,b1901,b2093,b2095,b2148,b2149,b2150,b2167,b2169,b2240,b2415,b2416,b2417,b2429,b2703,b2704,b2706,b2707,b2841,b2933,b2943,b3093,b3132,b3133,b3204,b3206,b3224,b4476,b3566,b3567,b3568,b3599,b3749,b3750,b3751,b3907,b3909,b3927,b3947,b3949,b3950,b3953,b4032,b4033,b4034,b4035,b4193,b4194,b4195,b4227",0.38497999781305,0.367772893708811,0.231714942929644
"GO:0044010","single-species biofilm formation","GO:0044010","single-species biofilm formation","BP",36,"36/2622","b0385,b0461,b0836,b0853,b0967,b1040,b1042,b1045,b1060,b1110,b1205,b1237,b1333,b1341,b1535,b1625,b1809,b1831,b1953,b2067,b2217,b2296,b2381,b2604,b2708,b2792,b2958,b3024,b3026,b3037,b3049,b3238,b3604,b4110,b4189,b4252",0.303937362175367,0.241030349110267,0.237405847928127
"GO:0000270","peptidoglycan metabolic process","GO:0000270","peptidoglycan metabolic process","BP",64,"64/2622","b0084,b0085,b0086,b0087,b0088,b0089,b0090,b0091,b0092,b0110,b0149,b0174,b0211,b0376,b0381,b0433,b0632,b0633,b0634,b0635,b0679,b0819,b0839,b0867,b0920,b0926,b1097,b1105,b1107,b1119,b1192,b1193,b1278,b1325,b1326,b1640,b1678,b1782,b1856,b1990,b2010,b2134,b2175,b2328,b2428,b2435,b2519,b2558,b2701,b2817,b2963,b3057,b3147,b3163,b3176,b3182,b3189,b3208,b3730,b3967,b3972,b4169,b4233,b4392",-0.113478958217187,-0.0572093180919007,-0.0885307238631389
"GO:0042254","ribosome biogenesis","GO:0042254","ribosome biogenesis","BP",99,"99/2622","b0023,b0058,b0082,b0169,b0416,b0424,b0636,b0637,b0659,b0797,b0807,b0911,b0948,b0949,b0967,b1066,b1084,b1086,b1088,b1089,b1269,b1343,b1413,b1435,b1716,b1835,b2183,b2185,b2511,b2517,b2533,b2566,b2567,b2569,b2576,b2594,b2606,b2608,b2609,b2785,b2791,b2806,b2946,b2949,b2959,b3065,b3084,b3146,b3162,b3165,b3169,b3170,b3179,b3180,b3183,b3185,b3247,b3282,b3289,b3294,b3296,b3297,b3302,b3303,b3305,b3306,b3307,b3308,b3309,b3311,b3312,b3313,b3314,b3315,b3316,b3317,b3318,b3319,b3320,b3321,b3341,b3352,b3465,b3497,b3499,b3636,b3637,b3643,b3740,b3866,b3871,b3982,b3983,b3984,b3985,b4022,b4161,b4180,b4371",-0.00350784605417243,0.0330391611978094,0.00133880415195303
"GO:0010468","regulation of gene expression","GO:0010468","regulation of gene expression","BP",258,"258/2622","b0014,b0020,b0034,b0059,b0064,b0069,b0076,b0080,b0081,b0097,b0101,b0113,b0118,b0145,b0162,b0176,b0191,b0208,b0313,b0315,b0357,b0382,b0399,b0400,b0413,b0416,b0460,b0464,b0476,b0487,b0506,b0603,b0610,b0619,b0620,b0630,b0637,b0683,b0685,b0687,b0694,b0715,b0761,b0796,b0817,b0836,b0840,b0846,b0880,b0889,b0911,b0912,b0953,b0956,b0959,b0990,b0994,b0995,b1013,b1040,b1071,b1084,b1111,b1130,b1183,b1187,b1201,b1212,b1221,b1235,b1237,b1282,b1284,b1286,b1303,b1304,b1305,b1323,b1334,b1341,b1434,b1439,b1530,b1531,b1618,b1622,b1625,b1642,b1649,b1712,b1716,b1719,b1735,b1787,b1827,b1831,b1864,b1892,b1914,b1916,b1922,b1951,b1969,b1976,b1987,b1988,b2015,b2079,b2105,b2125,b2151,b2156,b2157,b2163,b2185,b2193,b2213,b2217,b2316,b2321,b2369,b2381,b2382,b2399,b2409,b2415,b2437,b2479,b2531,b2535,b2561,b2567,b2569,b2572,b2573,b2577,b2597,b2619,b2664,b2667,b2684,b2696,b2697,b2706,b2707,b2709,b2731,b2741,b2768,b2805,b2808,b2827,b2830,b2837,b2869,b2916,b3010,b3023,b3025,b3067,b3071,b3075,b3094,b3105,b3131,b3162,b3164,b3165,b3169,b3181,b3202,b3203,b3205,b3210,b3226,b3229,b3231,b3237,b3243,b3261,b3289,b4550,b3292,b3296,b3306,b3319,b3341,b3342,b3357,b3405,b3406,b3438,b3461,b3481,b3486,b3516,b3521,b3569,b3590,b3591,b3601,b3604,b3641,b3687,b3711,b3724,b3743,b3755,b4480,b3773,b3828,b3842,b3848,b3868,b3869,b3905,b3912,b3934,b3936,b3938,b3954,b3961,b3963,b3973,b3982,b3984,b3985,b3995,b3996,b4018,b4043,b4046,b4062,b4063,b4113,b4116,b4118,b4124,b4125,b4135,b4147,b4171,b4172,b4178,b4179,b4187,b4191,b4241,b4255,b4258,b4324,b4357,b4375,b4391,b4393,b4396,b4398,b4401",0.0236592058408538,0.0524415655125796,0.0375713717660845
"GO:0050790","regulation of catalytic activity","GO:0050790","regulation of catalytic activity","BP",61,"61/2622","b0023,b0078,b0101,b0170,b0211,b0220,b0476,b4511,b0892,b0958,b0975,b0999,b1045,b1084,b1105,b1178,b1203,b1639,b1703,b1887,b2009,b2042,b2209,b2415,b2451,b2520,b2524,b2553,b2556,b2614,b2673,b2698,b2717,b2742,b2993,b3096,b3147,b3204,b3319,b3459,b3613,b3641,b3670,b3725,b3726,b3727,b3728,b3781,b3844,b3848,b3866,b3895,b3929,b3995,b4059,b4078,b4174,b4175,b4188,b4255,b4355",0.173765350185571,0.0842035193173033,0.111843107888254
"GO:0006810","transport","GO:0006810","transport","BP",455,"455/2622","b0010,b0019,b0040,b0046,b0047,b0054,b0066,b0067,b0068,b0069,b0089,b0106,b0112,b0128,b0129,b0151,b0152,b0153,b0155,b0158,b0197,b0198,b0199,b0328,b0336,b0367,b0396,b0399,b0400,b0401,b0402,b0407,b0408,b0409,b0411,b0427,b0429,b0430,b0431,b0432,b0433,b0436,b0442,b0445,b0449,b0451,b0462,b0463,b0465,b0478,b0484,b0486,b0490,b0491,b0513,b0576,b0584,b0585,b0588,b0589,b0591,b0592,b0598,b0624,b0627,b0634,b0641,b0653,b0654,b0655,b0679,b0696,b0697,b0709,b0737,b0738,b0739,b0740,b0751,b0752,b0760,b0761,b0762,b0763,b0764,b0765,b0792,b0793,b0794,b0805,b0809,b0810,b0811,b0813,b0818,b0829,b0830,b0831,b0832,b0842,b0845,b0847,b0854,b0855,b0857,b0860,b0862,b0863,b0874,b0875,b0879,b0886,b0887,b0891,b0898,b0914,b0933,b0936,b0951,b0957,b0959,b0960,b1015,b1019,b1037,b1053,b1102,b1116,b1117,b1118,b1123,b1124,b1125,b1126,b1186,b1198,b1209,b1216,b1243,b1244,b1245,b1246,b1247,b1252,b1256,b1290,b1293,b1294,b1329,b1342,b1451,b1453,b1534,b1599,b1600,b1644,b1657,b1663,b1709,b1729,b1736,b1738,b1755,b1791,b1798,b1805,b1817,b1818,b1819,b1821,b1828,b1831,b1833,b1834,b1840,b1841,b1857,b1858,b1859,b1879,b1880,b1889,b1890,b1900,b1901,b1907,b1917,b1918,b1920,b1940,b1942,b1948,b1950,b1985,b2008,b2014,b2064,b2075,b2076,b2077,b2093,b2095,b2106,b2129,b2130,b2148,b2149,b2150,b2155,b2156,b2167,b2169,b2177,b2178,b2179,b2180,b2182,b2198,b2199,b2200,b2201,b2207,b2211,b2215,b2240,b4544,b2258,b2276,b2277,b2278,b2287,b2292,b2298,b2306,b2307,b2308,b2309,b2310,b2322,b2389,b2392,b2393,b2410,b2413,b2415,b2416,b2417,b2422,b2423,b2424,b2429,b2452,b2470,b2493,b2497,b2536,b2546,b2552,b2578,b2610,b2663,b2670,b2677,b2678,b2679,b2682,b2683,b2685,b2686,b2703,b2704,b2706,b2707,b2775,b2789,b2796,b2825,b2835,b2841,b2923,b2924,b2933,b2943,b2964,b2968,b3005,b3006,b3009,b3040,b3070,b3078,b3089,b3093,b3116,b3132,b3133,b3161,b3175,b3191,b3192,b3193,b3194,b3195,b3196,b3199,b3200,b3201,b3204,b3206,b3224,b3240,b3241,b3258,b3266,b3290,b3291,b3300,b3336,b3350,b3351,b3358,b3364,b3367,b3391,b3408,b3410,b3415,b4476,b3450,b3451,b3452,b3453,b3454,b3455,b3456,b3457,b3458,b3460,b3463,b3464,b3469,b3471,b3473,b3474,b3476,b3477,b3478,b3479,b3480,b3486,b3496,b3514,b3522,b3523,b3524,b3528,b3539,b3540,b3541,b3542,b3543,b3544,b3547,b3566,b3567,b3568,b3597,b3599,b3603,b3609,b3653,b3654,b3662,b3666,b3667,b3685,b3705,b3710,b3714,b3724,b3725,b3726,b3727,b3728,b3731,b3733,b3734,b3735,b3736,b3737,b3738,b3746,b3747,b3749,b3750,b3751,b3754,b3795,b3816,b3823,b3824,b3827,b3836,b3838,b3839,b3844,b3849,b3907,b3909,b3915,b3917,b3927,b3943,b3947,b3949,b3950,b3953,b3962,b3981,b4020,b4032,b4033,b4034,b4035,b4037,b4044,b4065,b4067,b4074,b4077,b4101,b4111,b4115,b4123,b4130,b4138,b4141,b4148,b4156,b4159,b4193,b4194,b4195,b4208,b4220,b4221,b4227,b4230,b4231,b4242,b4261,b4262,b4363,b4364,b4367",0.25010074424989,0.112181229559178,0.151830322654968
"GO:0019439","aromatic compound catabolic process","GO:0019439","aromatic compound catabolic process","BP",69,"69/2622","b0030,b0159,b0160,b0183,b0214,b0337,b0422,b0480,b0505,b0512,b0578,b0585,b0611,b0651,b0675,b0766,b1084,b1253,b1286,b1323,b1650,b2011,b2143,b2301,b2468,b2509,b2567,b2696,b2744,b2781,b2830,b2866,b2867,b2868,b2869,b2883,b2887,b2900,b2945,b2954,b3162,b3164,b3205,b3252,b3306,b3391,b3395,b3413,b3592,b3640,b3643,b3665,b3708,b3779,b3780,b3831,b4483,b3845,b3929,b3995,b3996,b4162,b4172,b4179,b4213,b4255,b4381,b4383,b4384",0.0123448657077151,0.0074236715900568,0.0290859578808561
"GO:0009117","nucleotide metabolic process","GO:0009117","nucleotide metabolic process","BP",132,"132/2622","b0008,b0025,b0032,b0103,b0104,b0109,b0114,b0115,b0116,b0125,b0160,b0171,b0185,b0238,b0452,b0469,b0474,b0480,b0522,b0523,b0529,b0607,b0675,b0727,b0728,b0750,b0755,b0767,b0849,b0910,b0931,b0945,b1062,b1087,b1131,b1232,b1238,b1253,b1281,b1602,b1740,b1768,b1779,b1805,b1849,b1852,b1967,b2029,b2065,b2066,b2097,b2234,b2235,b2291,b2296,b2311,b2312,b2316,b2388,b2465,b2476,b2498,b2499,b2500,b2501,b2507,b2508,b2518,b2557,b2574,b2615,b2675,b2676,b2700,b2744,b2779,b2780,b2781,b2784,b2827,b2877,b2914,b2925,b2926,b2935,b2954,b3085,b3153,b3236,b3248,b3256,b3386,b3610,b3612,b3634,b3639,b3640,b3642,b3648,b3650,b3731,b3733,b3734,b3735,b3736,b3737,b3738,b3779,b3806,b3831,b3857,b3916,b3919,b3962,b3974,b3995,b3996,b4005,b4006,b4025,b4167,b4177,b4213,b4214,b4238,b4244,b4245,b4381,b4383,b4390,b4394,b4395",0.19571630288116,0.0494540831601604,0.0917756843552224
"GO:0016052","carbohydrate catabolic process","GO:0016052","carbohydrate catabolic process","BP",94,"94/2622","b0061,b0062,b0063,b0064,b0114,b0115,b0116,b0124,b0239,b0403,b0755,b0756,b0758,b0759,b1002,b1197,b1198,b1199,b1200,b1236,b1613,b1733,b1779,b1850,b1851,b2029,b2091,b2095,b2096,b2097,b2132,b2168,b2241,b2242,b2388,b2415,b2544,b2705,b2779,b2799,b2800,b2803,b2805,b2842,b2843,b2901,b2925,b2926,b2996,b3076,b3080,b3091,b3092,b3124,b3125,b3126,b3128,b3236,b3386,b3415,b3416,b3417,b3426,b3431,b3437,b3438,b3519,b3526,b3553,b3564,b3565,b3571,b3600,b3605,b3612,b3748,b3901,b3902,b3903,b3904,b3916,b3919,b3926,b3945,b4025,b4119,b4192,b4196,b4197,b4198,b4239,b4357,b4381,b4395",0.188512320696627,0.264900779087788,0.262117664503462
"GO:0042594","response to starvation","GO:0042594","response to starvation","BP",31,"31/2622","b0073,b0367,b0382,b0400,b0598,b0605,b0812,b0880,b0980,b1129,b1783,b1895,b2144,b2310,b2659,b2663,b2781,b2784,b2834,b3070,b3229,b3414,b3615,b3650,b3724,b3779,b3923,b3983,b3995,b4030,b4217",0.426893602618134,0.0854845283460617,0.150117874519958
"GO:0042255","ribosome assembly","GO:0042255","ribosome assembly","BP",54,"54/2622","b0023,b0169,b0637,b0797,b0911,b0949,b1089,b1343,b1716,b2185,b2511,b2566,b2576,b2594,b2606,b2608,b2609,b2959,b3065,b3162,b3165,b3170,b3179,b3180,b3183,b3185,b3294,b3296,b3297,b3302,b3303,b3305,b3306,b3307,b3308,b3309,b3311,b3312,b3313,b3314,b3315,b3316,b3317,b3318,b3319,b3320,b3341,b3352,b3636,b3637,b3871,b3983,b3984,b4161",0.0334320357171731,0.0336693201262735,0.0275204377821063
"GO:0009063","cellular amino acid catabolic process","GO:0009063","cellular amino acid catabolic process","BP",50,"50/2622","b0116,b0186,b0323,b0521,b0674,b0727,b0870,b0889,b0903,b1103,b1189,b1190,b1325,b1524,b1744,b1747,b1814,b2301,b2421,b2551,b2579,b2659,b2660,b2661,b2662,b2663,b2788,b2797,b2871,b2874,b2903,b2904,b2905,b2957,b3008,b3073,b4470,b4471,b3113,b3114,b3115,b3117,b3237,b3592,b3616,b3617,b3708,b3887,b4117,b4131",0.531805823710398,0.257261253272048,0.439768188772607
"GO:0006725","cellular aromatic compound metabolic process","GO:0006725","cellular aromatic compound metabolic process","BP",742,"742/2622","b0008,b0014,b0020,b0025,b0026,b0030,b0032,b0034,b0048,b0049,b0050,b0052,b0058,b0059,b0060,b0064,b0069,b0076,b0080,b0081,b0082,b0099,b0101,b0103,b0104,b0109,b0113,b0114,b0115,b0116,b0125,b0132,b0142,b0143,b0144,b0145,b0154,b0159,b0160,b0162,b0171,b0176,b0183,b0184,b0185,b0188,b0189,b0194,b0195,b0200,b0208,b0214,b0231,b0234,b0238,b0313,b0315,b0336,b0337,b0357,b0369,b0378,b0382,b0388,b0393,b0397,b0398,b0399,b0400,b0405,b0406,b0410,b0413,b0416,b0417,b0419,b0420,b0422,b0423,b0424,b0428,b0435,b0440,b0442,b0444,b0446,b0452,b0454,b0464,b0467,b0469,b0474,b0475,b0476,b0480,b0481,b0487,b0505,b0506,b0512,b0515,b0522,b0523,b0526,b0529,b0578,b0583,b0585,b4511,b0586,b0593,b0594,b0595,b0596,b0597,b0603,b0607,b0610,b0611,b0619,b0620,b0636,b0638,b0640,b0651,b0659,b0661,b0675,b0683,b0685,b0687,b0694,b0708,b0714,b0727,b0728,b0750,b0754,b0755,b0760,b0761,b0766,b0767,b0779,b0796,b0800,b0807,b0817,b0835,b0840,b0846,b0849,b0876,b0880,b0886,b0889,b0892,b0893,b0907,b0908,b0910,b0911,b0912,b0916,b0918,b0921,b0923,b0924,b0930,b0931,b0945,b0948,b0949,b0956,b0959,b0962,b0967,b0969,b0990,b0994,b0995,b1008,b1013,b1040,b1045,b1055,b1061,b1062,b1066,b1071,b1084,b1086,b1087,b1096,b1099,b1100,b1106,b1111,b1130,b1131,b1183,b1187,b1201,b1210,b1221,b1232,b1235,b1236,b1237,b1238,b1253,b1260,b1261,b1263,b1269,b1270,b1281,b1284,b1286,b1303,b1304,b1305,b1323,b1334,b1335,b1340,b1341,b1344,b1406,b1413,b1434,b1435,b1439,b1530,b1531,b1539,b1602,b1606,b1613,b1618,b1622,b1625,b1633,b1636,b1642,b1649,b1650,b1652,b1693,b1712,b1719,b1724,b1735,b1740,b1741,b1749,b1759,b1763,b1768,b1779,b1787,b1804,b1805,b1807,b1808,b1812,b1813,b1827,b1835,b1842,b1844,b1848,b1849,b1852,b1860,b1861,b1863,b1864,b1865,b1870,b1871,b1892,b1914,b1916,b1922,b1951,b1960,b1961,b1967,b1969,b1970,b1976,b1987,b1988,b1991,b1992,b1993,b2009,b2011,b2015,b2024,b2028,b2029,b2042,b2065,b2066,b2068,b2079,b2080,b2081,b2097,b2103,b2104,b2105,b2125,b2140,b2143,b2146,b2147,b2151,b2153,b2156,b2157,b2163,b2183,b2184,b2193,b2212,b2213,b2217,b2231,b2234,b2235,b2255,b2268,b2291,b2296,b2301,b2303,b2311,b2312,b2315,b2316,b2318,b2320,b2329,b2330,b2369,b2381,b2382,b2388,b2399,b2400,b2409,b2411,b2415,b2418,b2436,b2437,b2465,b2467,b2468,b2474,b2476,b2479,b2496,b2498,b2499,b2500,b2501,b2507,b2508,b2509,b2514,b2517,b2518,b2521,b2530,b2531,b2532,b2533,b2535,b2551,b2557,b2559,b2561,b2562,b2564,b2565,b2567,b2572,b2573,b2574,b2575,b2576,b2577,b2580,b2581,b2594,b2599,b2600,b2601,b2607,b2608,b2609,b2615,b2616,b2664,b2667,b2675,b2676,b2684,b2696,b2697,b2698,b2699,b2700,b2706,b2707,b2709,b2731,b2733,b2741,b2744,b2745,b2765,b2768,b2777,b2779,b2780,b2781,b2784,b2785,b2791,b2794,b2798,b2805,b2806,b2808,b2811,b2812,b2819,b2820,b2827,b2830,b2831,b2837,b2866,b2867,b2868,b2869,b2873,b2877,b2881,b2883,b2887,b2892,b2894,b2898,b2900,b2912,b2914,b2916,b2925,b2926,b2927,b2935,b2945,b2946,b2949,b2954,b2955,b2960,b2961,b3010,b3019,b3023,b3025,b3030,b3034,b3039,b3052,b3056,b3058,b3064,b3066,b3067,b3068,b3071,b3075,b3084,b3085,b3094,b3105,b3131,b3146,b3149,b3153,b3155,b3162,b3164,b3166,b3169,b3176,b3177,b3179,b3180,b3181,b3189,b3202,b3205,b3210,b3226,b3229,b3236,b3237,b3243,b3247,b3248,b3252,b3256,b3260,b3261,b3262,b3281,b3282,b3283,b3288,b3289,b3292,b3295,b3296,b3297,b3306,b3319,b3321,b3342,b3343,b3344,b3345,b3357,b3360,b3368,b3384,b3385,b3386,b3387,b3389,b3391,b3395,b3397,b3399,b3405,b3406,b3407,b3413,b3438,b3461,b3465,b3470,b3471,b3481,b3497,b3498,b3499,b3516,b3521,b3549,b3559,b3560,b3569,b3591,b3592,b3601,b3604,b3606,b3610,b3612,b3619,b3634,b3635,b3639,b3640,b3641,b3642,b3643,b3647,b3648,b3649,b3650,b3651,b3652,b3665,b3699,b3700,b3701,b3702,b3704,b3706,b3708,b3711,b3729,b3730,b3731,b3733,b3734,b3735,b3736,b3737,b3738,b3740,b3741,b3743,b3755,b4480,b3773,b3779,b3780,b3781,b3783,b3788,b3802,b3804,b3805,b3806,b3811,b3813,b3822,b3828,b3829,b3831,b3832,b4483,b3842,b3845,b3850,b3857,b3863,b3867,b3868,b3869,b3887,b3888,b3905,b3912,b3916,b3919,b3929,b3934,b3935,b3938,b3941,b3954,b3961,b3962,b3963,b3965,b3973,b3974,b3982,b3984,b3987,b3988,b3990,b3991,b4407,b3992,b3993,b3994,b3995,b3996,b3997,b3998,b4000,b4005,b4006,b4018,b4019,b4022,b4025,b4043,b4046,b4049,b4052,b4054,b4058,b4059,b4062,b4063,b4113,b4116,b4118,b4124,b4125,b4135,b4155,b4162,b4166,b4167,b4168,b4170,b4171,b4172,b4177,b4178,b4179,b4180,b4187,b4191,b4196,b4201,b4213,b4214,b4237,b4238,b4241,b4244,b4245,b4255,b4258,b4259,b4260,b4324,b4357,b4361,b4362,b4371,b4372,b4378,b4381,b4382,b4383,b4384,b4389,b4390,b4393,b4394,b4395,b4396,b4398,b4401,b4403",0.0563001986702078,0.0228402042202297,0.0315190423471584
"GO:1901565","organonitrogen compound catabolic process","GO:1901565","organonitrogen compound catabolic process","BP",139,"139/2622","b0030,b0036,b0038,b0042,b0109,b0110,b0116,b0159,b0160,b0186,b0237,b0323,b0337,b0376,b0382,b0437,b0438,b0439,b0505,b0512,b0521,b0651,b0674,b0675,b0677,b0678,b0727,b0766,b0867,b0870,b0881,b0885,b0889,b0903,b0909,b0932,b0955,b1008,b1103,b1189,b1190,b1192,b1204,b1218,b1253,b1325,b1326,b1524,b1539,b1584,b1733,b1744,b1747,b1814,b1830,b2143,b2146,b2147,b2301,b2421,b2435,b2438,b2439,b2440,b2451,b2452,b2454,b2460,b2461,b2468,b2494,b2523,b2551,b2558,b2579,b2659,b2660,b2661,b2662,b2663,b2701,b2744,b2781,b2788,b2797,b2817,b2866,b2867,b2868,b2869,b2871,b2873,b2874,b2883,b2887,b2900,b2903,b2904,b2905,b2936,b2957,b2963,b3008,b3073,b4470,b4471,b3113,b3114,b3115,b3117,b3178,b3222,b3223,b3225,b3228,b3234,b3237,b3447,b3592,b3616,b3617,b3639,b3640,b3665,b3708,b3779,b3831,b3847,b3887,b3931,b3932,b3996,b4117,b4131,b4169,b4243,b4260,b4384,b4392",0.174515131823612,0.0861466196407224,0.155747378270076
"GO:0051649","establishment of localization in cell","GO:0051649","establishment of localization in cell","BP",32,"32/2622","b0151,b0152,b0153,b0408,b0409,b0584,b0585,b0588,b0589,b0592,b0627,b0805,b1019,b1833,b1887,b1888,b1950,b2064,b2610,b3006,b3070,b3175,b3300,b3410,b3464,b3524,b3609,b3836,b3838,b3839,b3981,b4367",0.410320897119058,0.199704106049379,0.249465960451879
"GO:0006518","peptide metabolic process","GO:0006518","peptide metabolic process","BP",154,"154/2622","b0023,b0026,b0097,b0118,b0144,b0169,b0170,b0172,b0191,b0194,b0237,b0481,b0526,b0528,b0583,b4511,b0586,b0593,b0594,b0595,b0596,b0597,b0605,b0637,b0659,b0683,b0838,b0852,b0893,b0911,b0912,b0930,b0932,b0953,b1064,b1089,b1192,b1204,b1212,b1218,b1237,b1282,b1326,b1635,b1712,b1716,b1717,b1718,b1719,b1766,b1787,b2171,b2184,b2185,b2301,b2302,b2316,b2400,b2514,b2523,b2568,b2569,b2597,b2606,b2609,b2619,b2620,b2688,b2696,b2697,b2827,b2947,b2972,b2988,b2989,b3065,b3102,b3162,b3165,b3168,b3170,b3185,b3186,b3203,b3229,b3230,b3231,b3287,b3288,b4550,b3294,b3296,b3297,b3298,b3299,b3301,b3302,b3303,b3304,b3305,b3306,b3307,b3308,b3309,b3310,b3311,b3312,b3313,b3314,b3315,b3316,b3317,b3318,b3319,b3320,b3321,b3340,b3341,b3342,b3384,b3407,b3447,b3486,b3498,b3500,b3559,b3560,b3590,b3591,b3592,b3636,b3637,b3687,b3703,b3842,b3847,b3848,b3936,b3983,b3984,b3985,b3986,b4147,b4155,b4171,b4172,b4173,b4200,b4202,b4203,b4258,b4260,b4375,b4391",0.0432829907707555,0.0235415865393207,0.0275609021590549
"GO:0051171","regulation of nitrogen compound metabolic process","GO:0051171","regulation of nitrogen compound metabolic process","BP",284,"284/2622","b0014,b0020,b0034,b0059,b0064,b0069,b0076,b0080,b0081,b0097,b0101,b0113,b0118,b0162,b0176,b0189,b0191,b0208,b0313,b0315,b0357,b0382,b0393,b0399,b0400,b0413,b0416,b0464,b0476,b0487,b0506,b0603,b0610,b0619,b0620,b0637,b0659,b0683,b0685,b0687,b0694,b0761,b0796,b0817,b0840,b0846,b0880,b0886,b0889,b0892,b0911,b0912,b0949,b0953,b0956,b0959,b0970,b0990,b0994,b0995,b1013,b1040,b1045,b1071,b1111,b1130,b1183,b1187,b1201,b1221,b1235,b1237,b1282,b1284,b1303,b1304,b1305,b1323,b1334,b1341,b1434,b1439,b1530,b1531,b1618,b1622,b1625,b1642,b1649,b1712,b1716,b1719,b1735,b1787,b1827,b1864,b1886,b1887,b1888,b1892,b1914,b1916,b1922,b1951,b1969,b1976,b1987,b1988,b2009,b2015,b2079,b2105,b2125,b2151,b2156,b2157,b2163,b2185,b2193,b2209,b2213,b2217,b2316,b2369,b2381,b2382,b2399,b2409,b2415,b2437,b2479,b2496,b2520,b2531,b2533,b2535,b2555,b2556,b2561,b2569,b2572,b2573,b2576,b2577,b2597,b2619,b2664,b2667,b2684,b2696,b2697,b2698,b2706,b2707,b2709,b2731,b2733,b2741,b2768,b2805,b2808,b2827,b2830,b2831,b2837,b2869,b2916,b2949,b3010,b3023,b3025,b3053,b3067,b3071,b3075,b3094,b3096,b3105,b3131,b3149,b3162,b3165,b3169,b3181,b3202,b3203,b3204,b3205,b3210,b3226,b3228,b3229,b3231,b3237,b3243,b3252,b3261,b3289,b4550,b3292,b3296,b3306,b3319,b3321,b3341,b3342,b3357,b3405,b3406,b3438,b3461,b3481,b3486,b3516,b3521,b3569,b3590,b3591,b3601,b3604,b3641,b3687,b3702,b3711,b3743,b3755,b4480,b3773,b3781,b3828,b3842,b3848,b3868,b3869,b3905,b3912,b4484,b3929,b3934,b3936,b3938,b3954,b3961,b3963,b3973,b3982,b3984,b3985,b3995,b3996,b4018,b4043,b4046,b4062,b4063,b4113,b4116,b4118,b4124,b4125,b4135,b4147,b4170,b4171,b4172,b4175,b4178,b4187,b4188,b4191,b4241,b4255,b4258,b4259,b4260,b4324,b4355,b4357,b4375,b4391,b4393,b4396,b4398,b4401",0.0425934147258057,0.063156515318475,0.0489269057102416
"GO:0009891","positive regulation of biosynthetic process","GO:0009891","positive regulation of biosynthetic process","BP",80,"80/2622","b0020,b0059,b0069,b0113,b0146,b0162,b0176,b0315,b0382,b0385,b0399,b0487,b0683,b0694,b0796,b0803,b0817,b0846,b0889,b0911,b0995,b1013,b1040,b1130,b1187,b1235,b1303,b1306,b1334,b1434,b1531,b1625,b1642,b1712,b1787,b1892,b1916,b1969,b1988,b2079,b2125,b2213,b2217,b2381,b2569,b2696,b2709,b2731,b2916,b3010,b3025,b3071,b3105,b3162,b3202,b3229,b3237,b3243,b3261,b3292,b3296,b3357,b3405,b3438,b3461,b3486,b3516,b3604,b3743,b3781,b3842,b3905,b3912,b4113,b4116,b4124,b4172,b4258,b4398,b4401",-0.0201895175093461,0.0249612165309697,0.0373043425544105
"GO:0006066","alcohol metabolic process","GO:0006066","alcohol metabolic process","BP",62,"62/2622","b0174,b0356,b0417,b0419,b0420,b0423,b0446,b0507,b0514,b0980,b1106,b1198,b1199,b1200,b1201,b1241,b1542,b2091,b2093,b2095,b2096,b2103,b2104,b2153,b2172,b2239,b2240,b2241,b2242,b2438,b2439,b2440,b2451,b2452,b2454,b2460,b2461,b2533,b2705,b2768,b2799,b2844,b2996,b3187,b3385,b3425,b3426,b3449,b3600,b3919,b3925,b3926,b3945,b3990,b3991,b4407,b3992,b3993,b3994,b4214,b4323,b4394",0.426256648462913,0.374927095710395,0.0619562890615997
"GO:0055082","cellular chemical homeostasis","GO:0055082","cellular chemical homeostasis","BP",35,"35/2622","b0019,b0151,b0152,b0153,b0465,b0490,b0491,b0584,b0585,b0588,b0589,b0592,b0804,b0805,b0812,b0842,b0875,b1019,b1874,b2529,b2556,b2924,b3006,b3070,b3196,b3291,b3336,b3410,b3414,b3724,b3915,b4065,b4115,b4117,b4367",0.300433924918461,0.111198242015694,0.179074977974097
"GO:0008104","protein localization","GO:0008104","protein localization","BP",71,"71/2622","b0106,b0177,b0178,b0407,b0408,b0409,b0436,b0442,b0598,b0627,b0709,b0737,b0738,b0739,b0740,b0891,b1037,b1116,b1117,b1118,b1209,b1243,b1244,b1245,b1246,b1247,b1252,b1329,b1534,b1663,b1879,b1880,b1940,b1942,b1948,b1950,b1985,b2007,b2064,b2182,b2207,b2477,b2512,b2595,b2610,b2617,b2825,b2968,b3005,b3006,b3175,b3300,b3391,b3464,b3496,b3524,b3540,b3541,b3542,b3543,b3544,b3609,b3705,b3836,b3838,b3839,b3981,b4130,b4220,b4221,b4355",0.173291124879729,0.145042006598659,0.110751068664796
"GO:0051703","biological process involved in intraspecies interaction between organisms","GO:0051703","biological process involved in intraspecies interaction between organisms","BP",36,"36/2622","b0385,b0461,b0836,b0853,b0967,b1040,b1042,b1045,b1060,b1110,b1205,b1237,b1333,b1341,b1535,b1625,b1809,b1831,b1953,b2067,b2217,b2296,b2381,b2604,b2708,b2792,b2958,b3024,b3026,b3037,b3049,b3238,b3604,b4110,b4189,b4252",0.303937362175367,0.241030349110267,0.237405847928127
"GO:0042180","cellular ketone metabolic process","GO:0042180","cellular ketone metabolic process","BP",42,"42/2622","b0207,b0212,b0420,b0662,b0927,b0963,b1187,b1200,b1651,b1686,b1967,b2232,b2260,b2261,b2262,b2263,b2264,b2265,b2311,b2553,b2746,b2906,b2907,b3001,b3012,b3042,b3053,b3153,b3157,b3158,b3159,b3187,b3237,b3256,b3833,b3834,b3835,b3843,b3930,b3945,b3963,b4039",0.0356124022974336,0.112195087153056,0.126302663570074
"GO:0031325","positive regulation of cellular metabolic process","GO:0031325","positive regulation of cellular metabolic process","BP",91,"91/2622","b0020,b0059,b0069,b0113,b0162,b0176,b0315,b0382,b0385,b0399,b0487,b0683,b0694,b0796,b0817,b0846,b0889,b0911,b0995,b1013,b1040,b1130,b1187,b1235,b1303,b1334,b1434,b1531,b1625,b1642,b1703,b1712,b1787,b1887,b1892,b1916,b1969,b1988,b2079,b2125,b2213,b2217,b2381,b2415,b2556,b2569,b2696,b2709,b2731,b2830,b2916,b3010,b3025,b3049,b3071,b3105,b3149,b3162,b3202,b3204,b3205,b3209,b3229,b3237,b3243,b3261,b3292,b3296,b3342,b3357,b3405,b3406,b3438,b3461,b3486,b3516,b3604,b3743,b3781,b3842,b3905,b3912,b3995,b4113,b4116,b4124,b4172,b4258,b4259,b4398,b4401",-0.0151892140774809,0.0369027425718101,0.044574015777915
"GO:1901360","organic cyclic compound metabolic process","GO:1901360","organic cyclic compound metabolic process","BP",777,"777/2622","b0008,b0009,b0014,b0020,b0025,b0026,b0030,b0032,b0034,b0048,b0049,b0050,b0052,b0058,b0059,b0060,b0064,b0069,b0076,b0080,b0081,b0082,b0099,b0101,b0103,b0104,b0109,b0113,b0114,b0115,b0116,b0125,b0132,b0142,b0143,b0144,b0145,b0154,b0159,b0160,b0162,b0171,b0176,b0183,b0184,b0185,b0188,b0189,b0194,b0195,b0200,b0207,b0208,b0214,b0231,b0234,b0238,b0242,b0243,b0313,b0315,b0336,b0337,b0357,b0369,b0378,b0382,b0386,b0388,b0393,b0397,b0398,b0399,b0400,b0405,b0406,b0410,b0413,b0414,b0415,b0416,b0417,b0419,b0420,b0422,b0423,b0424,b0428,b0435,b0440,b0442,b0444,b0446,b0452,b0454,b0464,b0467,b0469,b0474,b0475,b0476,b0480,b0481,b0487,b0493,b0505,b0506,b0512,b0515,b0521,b0522,b0523,b0526,b0529,b0578,b0583,b0585,b4511,b0586,b0593,b0594,b0595,b0596,b0597,b0603,b0607,b0610,b0611,b0619,b0620,b0628,b0630,b0636,b0638,b0640,b0651,b0659,b0661,b0675,b0683,b0685,b0687,b0694,b0708,b0714,b0727,b0728,b0750,b0754,b0755,b0760,b0761,b0766,b0767,b0774,b0775,b0778,b0779,b0781,b0782,b0783,b0784,b0785,b0796,b0800,b0807,b0817,b0826,b0827,b0835,b0840,b0844,b0846,b0849,b0876,b0880,b0886,b0889,b0892,b0893,b0907,b0908,b0910,b0911,b0912,b0916,b0918,b0921,b0923,b0924,b0930,b0931,b0945,b0948,b0949,b0956,b0959,b0962,b0967,b0969,b0990,b0994,b0995,b1008,b1013,b1040,b1045,b1055,b1061,b1062,b1066,b1071,b1084,b1086,b1087,b1093,b1096,b1099,b1100,b1106,b1111,b1130,b1131,b1183,b1187,b1201,b1210,b1221,b1232,b1235,b1236,b1237,b1238,b1253,b1260,b1261,b1263,b1269,b1270,b1277,b1281,b1284,b1286,b1303,b1304,b1305,b1323,b1334,b1335,b1340,b1341,b1344,b1406,b1413,b1434,b1435,b1439,b1530,b1531,b1539,b1602,b1606,b1613,b1618,b1619,b1622,b1625,b1633,b1636,b1642,b1649,b1650,b1652,b1662,b1693,b1712,b1719,b1724,b1735,b1740,b1741,b1749,b1759,b1763,b1768,b1779,b1787,b1804,b1805,b1807,b1808,b1812,b1813,b1827,b1835,b1842,b1844,b1848,b1849,b1852,b1860,b1861,b1863,b1864,b1865,b1870,b1871,b1892,b1914,b1916,b1922,b1951,b1960,b1961,b1967,b1969,b1970,b1976,b1987,b1988,b1991,b1992,b1993,b2009,b2011,b2015,b2024,b2028,b2029,b2042,b2065,b2066,b2068,b2079,b2080,b2081,b2097,b2103,b2104,b2105,b2125,b2140,b2143,b2146,b2147,b2151,b2153,b2156,b2157,b2163,b2183,b2184,b2193,b2206,b2212,b2213,b2217,b2231,b2234,b2235,b2255,b2268,b2291,b2296,b2301,b2303,b2311,b2312,b2315,b2316,b2318,b2320,b2329,b2330,b2369,b2381,b2382,b2388,b2399,b2400,b2409,b2411,b2415,b2418,b2436,b2437,b2465,b2467,b2468,b2474,b2476,b2479,b2496,b2498,b2499,b2500,b2501,b2507,b2508,b2509,b2514,b2517,b2518,b2521,b2530,b2531,b2532,b2533,b2535,b2551,b2557,b2559,b2561,b2562,b2564,b2565,b2567,b2572,b2573,b2574,b2575,b2576,b2577,b2580,b2581,b2594,b2599,b2600,b2601,b2607,b2608,b2609,b2615,b2616,b2664,b2667,b2675,b2676,b2684,b2696,b2697,b2698,b2699,b2700,b2706,b2707,b2709,b2731,b2733,b2741,b2744,b2745,b2765,b2768,b2777,b2779,b2780,b2781,b2784,b2785,b2791,b2794,b2798,b2805,b2806,b2808,b2811,b2812,b2819,b2820,b2827,b2830,b2831,b2837,b2866,b2867,b2868,b2869,b2873,b2877,b2881,b2883,b2887,b2892,b2894,b2898,b2900,b2912,b2914,b2916,b2925,b2926,b2927,b2935,b2945,b2946,b2949,b2954,b2955,b2960,b2961,b3010,b3012,b3019,b3023,b3025,b3030,b3034,b3041,b3052,b3056,b3058,b3064,b3066,b3067,b3068,b3071,b3075,b3084,b3085,b3094,b3105,b3131,b3146,b3149,b3153,b3155,b3162,b3164,b3166,b3169,b3176,b3177,b3179,b3180,b3181,b3189,b3202,b3205,b3210,b3226,b3229,b3236,b3237,b3243,b3247,b3248,b3252,b3256,b3260,b3261,b3262,b3281,b3282,b3283,b3288,b3289,b3292,b3295,b3296,b3297,b3306,b3319,b3321,b3342,b3343,b3344,b3345,b3357,b3360,b3368,b3384,b3385,b3386,b3387,b3389,b3391,b3395,b3397,b3399,b3405,b3406,b3407,b3412,b3413,b3438,b3461,b3465,b3470,b3471,b3481,b3497,b3498,b3499,b3516,b3521,b3549,b3559,b3560,b3569,b3591,b3592,b3601,b3604,b3606,b3610,b3612,b3619,b3634,b3635,b3639,b3640,b3641,b3642,b3643,b3647,b3648,b3649,b3650,b3651,b3652,b3665,b3699,b3700,b3701,b3702,b3704,b3706,b3708,b3711,b3729,b3730,b3731,b3733,b3734,b3735,b3736,b3737,b3738,b3740,b3741,b3743,b3755,b4480,b3773,b3779,b3780,b3781,b3783,b3788,b3802,b3804,b3805,b3806,b3811,b3812,b3813,b3822,b3828,b3829,b3831,b3832,b4483,b3842,b3845,b3850,b3856,b3857,b3863,b3867,b3868,b3869,b3887,b3888,b3895,b3905,b3912,b3916,b3919,b3929,b3934,b3935,b3938,b3941,b3954,b3961,b3962,b3963,b3965,b3973,b3974,b3982,b3984,b3987,b3988,b3990,b3991,b4407,b3992,b3993,b3994,b3995,b3996,b3997,b3998,b4000,b4005,b4006,b4018,b4019,b4022,b4025,b4043,b4046,b4049,b4052,b4054,b4058,b4059,b4062,b4063,b4113,b4116,b4118,b4124,b4125,b4135,b4155,b4162,b4166,b4167,b4168,b4170,b4171,b4172,b4177,b4178,b4179,b4180,b4187,b4191,b4192,b4196,b4197,b4198,b4201,b4213,b4214,b4237,b4238,b4241,b4244,b4245,b4255,b4258,b4259,b4260,b4324,b4357,b4361,b4362,b4371,b4372,b4378,b4381,b4382,b4383,b4384,b4389,b4390,b4393,b4394,b4395,b4396,b4398,b4401,b4403",0.0540131149453824,0.0220485105935047,0.0321976729707241
"GO:0140694","non-membrane-bounded organelle assembly","GO:0140694","non-membrane-bounded organelle assembly","BP",72,"72/2622","b0023,b0169,b0637,b0797,b0853,b0911,b0949,b1070,b1072,b1081,b1089,b1343,b1535,b1716,b1879,b1880,b1892,b1925,b1926,b1939,b1943,b1950,b2185,b2511,b2566,b2576,b2594,b2606,b2608,b2609,b2910,b2959,b3065,b3162,b3165,b3170,b3179,b3180,b3183,b3185,b3294,b3296,b3297,b3302,b3303,b3305,b3306,b3307,b3308,b3309,b3311,b3312,b3313,b3314,b3315,b3316,b3317,b3318,b3319,b3320,b3341,b3352,b3636,b3637,b3871,b3983,b3984,b4151,b4152,b4153,b4154,b4161",0.258392182033403,0.220782727678003,0.058749429769691
"GO:0005886","plasma membrane","GO:0005886","plasma membrane","CC",782,"782/2622","b0010,b0014,b0019,b0027,b0040,b0046,b0047,b0055,b0065,b0066,b0067,b0083,b0084,b0087,b0089,b0090,b0093,b0094,b0106,b0112,b0116,b0124,b0128,b0143,b0149,b0151,b0153,b0155,b0157,b0175,b0176,b0182,b0197,b0198,b0199,b0211,b0227,b0238,b0311,b0317,b0321,b0328,b0336,b0367,b0376,b0379,b0380,b0385,b0396,b0400,b0401,b0402,b0407,b0408,b0409,b0418,b0427,b0428,b0429,b0430,b0431,b0432,b0433,b0434,b0441,b0449,b0451,b0453,b0457,b0458,b0462,b0463,b0465,b0468,b0473,b0478,b0484,b0486,b0488,b0489,b0490,b0491,b0496,b0513,b0524,b0527,b0570,b0576,b0580,b0583,b0586,b0588,b0589,b0591,b0595,b0598,b0619,b0624,b0627,b0632,b0633,b0634,b0635,b0653,b0654,b0657,b0658,b0679,b0682,b0696,b0697,b0699,b0709,b0715,b0721,b0722,b0723,b0724,b0733,b0734,b4515,b0736,b0737,b0738,b0739,b0751,b0752,b0760,b0762,b0764,b0765,b0786,b0788,b0789,b0791,b0792,b0793,b0794,b0795,b0806,b0809,b0810,b0813,b0815,b0818,b0829,b0830,b0831,b0832,b0839,b0842,b0845,b0847,b0855,b0857,b0858,b0862,b0869,b0871,b0874,b0875,b0879,b0886,b0887,b0896,b0898,b0906,b0909,b0914,b0920,b0932,b0933,b0945,b0949,b0950,b0951,b0960,b0961,b0970,b0974,b0993,b0996,b1015,b1033,b1036,b1037,b1040,b1053,b1057,b1063,b1084,b1097,b1110,b1116,b1117,b1118,b1124,b1125,b1126,b1129,b1132,b1174,b1175,b1185,b1186,b1189,b1195,b1213,b1216,b1227,b1242,b1243,b1244,b1245,b1246,b1247,b1249,b1252,b1254,b1255,b1272,b1278,b1279,b1280,b1283,b1290,b1293,b1294,b1304,b1305,b1306,b1307,b1329,b1332,b1341,b1342,b1381,b1414,b1431,b1445,b1453,b1534,b1535,b1582,b1590,b1591,b1599,b1600,b1602,b1609,b1626,b1627,b1628,b1631,b1643,b1644,b1657,b1663,b1670,b1688,b1708,b1709,b1728,b1729,b1739,b1752,b1755,b1758,b1766,b1789,b1791,b1795,b1798,b1805,b1806,b1816,b1817,b1818,b1819,b1820,b1821,b1825,b1828,b1829,b1830,b1833,b1834,b1840,b1855,b1856,b1858,b1859,b1869,b1873,b1879,b1880,b1881,b1883,b1884,b1886,b1887,b1888,b1889,b1890,b1900,b1907,b1912,b1917,b1918,b1928,b1938,b1939,b1942,b1945,b1947,b1948,b1950,b1958,b1959,b1968,b1972,b1985,b1992,b2008,b2010,b2014,b2063,b2064,b2067,b2075,b2076,b2077,b2078,b2095,b2106,b2123,b2126,b4542,b2129,b2130,b2135,b2136,b2141,b2142,b2144,b2148,b2149,b2152,b2156,b2158,b2167,b2169,b2174,b2176,b2177,b2178,b2179,b2180,b2182,b2195,b2197,b2198,b2199,b2200,b2201,b2202,b2205,b2210,b2211,b2214,b2216,b2240,b2241,b2242,b2254,b4544,b2258,b2266,b2276,b2277,b2278,b2279,b2280,b2281,b2282,b2285,b2286,b2287,b2288,b2292,b2295,b2298,b2306,b2307,b2308,b2313,b2314,b2317,b2321,b2322,b2327,b2376,b2377,b2378,b2380,b2389,b2392,b2393,b2410,b2412,b2413,b2417,b2422,b2423,b2424,b2429,b2433,b2452,b2469,b2470,b4547,b2475,b2493,b2496,b2497,b2501,b2502,b2504,b2505,b2513,b2516,b2519,b2520,b2534,b2536,b2543,b2546,b2556,b2560,b2566,b2568,b2569,b2570,b2572,b2578,b2585,b2604,b2611,b4461,b2660,b2663,b2666,b2668,b2670,b2672,b2677,b2678,b2679,b2682,b2683,b2685,b2686,b2689,b2703,b2720,b2722,b2723,b2726,b2742,b2748,b2749,b2775,b2786,b2789,b2793,b2796,b2807,b2809,b2823,b2825,b2826,b2828,b2832,b2833,b2835,b2836,b2841,b2872,b2896,b2899,b2910,b2922,b2923,b2924,b2933,b2943,b2952,b2964,b2966,b2968,b2972,b4466,b2994,b2995,b2996,b2997,b3002,b3005,b3006,b3009,b3018,b3019,b3026,b3040,b3041,b3050,b3055,b3057,b3059,b3072,b3078,b3088,b3089,b3090,b3093,b3096,b3098,b3099,b3101,b3103,b3116,b3132,b3151,b3161,b3163,b3175,b3178,b3182,b3184,b3193,b3194,b3195,b3196,b3199,b3201,b3208,b3210,b3224,b3234,b3235,b3240,b3241,b3242,b4472,b3247,b3249,b3250,b3251,b3252,b3257,b3258,b3263,b3266,b3267,b3290,b3291,b3300,b3350,b3351,b3358,b3364,b3367,b3369,b3388,b3398,b3402,b3404,b3415,b3424,b3426,b3434,b4476,b3450,b3451,b3452,b3454,b3455,b3456,b3457,b3461,b3462,b3463,b3464,b3466,b3467,b3468,b3469,b3471,b3473,b3474,b3476,b3477,b3478,b3479,b3480,b3486,b3487,b3494,b3496,b3508,b3511,b3514,b3518,b3522,b3523,b3524,b3528,b3529,b3539,b3540,b3541,b3542,b3543,b3544,b3546,b3547,b3552,b3553,b4553,b3562,b3567,b3568,b3597,b3598,b3599,b3603,b3605,b3611,b3613,b3646,b3653,b3654,b3655,b3660,b4555,b3662,b3666,b3667,b3675,b3676,b3685,b3702,b3705,b3706,b3710,b3714,b3724,b3725,b3726,b3727,b3728,b3731,b3733,b3734,b3735,b3736,b3737,b3738,b3747,b3749,b3750,b3754,b3784,b3785,b3792,b3793,b3795,b3802,b3803,b4558,b3816,b3819,b3823,b3824,b3825,b3827,b3832,b3835,b3836,b3838,b3839,b3843,b3849,b3850,b3862,b3886,b3892,b3893,b3907,b3909,b3911,b3915,b3918,b3921,b3927,b3930,b3933,b3943,b3949,b3950,b3953,b3964,b3981,b4003,b4020,b4027,b4029,b4030,b4032,b4033,b4034,b4035,b4042,b4044,b4050,b4065,b4067,b4068,b4072,b4073,b4074,b4075,b4076,b4077,b4111,b4112,b4115,b4121,b4123,b4125,b4130,b4136,b4138,b4140,b4141,b4410,b4411,b4148,b4151,b4152,b4153,b4154,b4156,b4159,b4160,b4174,b4175,b4176,b4189,b4193,b4206,b4208,b4210,b4214,b4218,b4221,b4230,b4231,b4242,b4261,b4262,b4329,b4332,b4336,b4355,b4363,b4364,b4367,b4568,b4387,b4390,b4399",0.177725099520385,0.101244566388636,0.128311041154024
"GO:0005829","cytosol","GO:0005829","cytosol","CC",874,"874/2622","b0003,b0004,b0006,b0008,b0009,b0014,b0023,b0026,b0028,b0029,b0030,b0031,b0032,b0048,b0061,b0062,b0064,b0071,b0072,b0073,b0074,b0077,b0078,b0082,b0085,b0086,b0092,b0094,b0097,b0102,b0104,b0109,b0114,b0116,b0118,b0120,b0121,b0125,b0126,b0131,b0133,b0134,b0143,b0144,b0145,b0154,b0156,b0159,b0166,b0168,b0169,b0170,b0171,b0172,b0174,b0178,b0179,b0181,b0184,b0185,b0188,b0194,b0200,b0222,b0237,b0238,b0242,b0243,b0306,b0323,b0337,b0355,b0356,b0368,b0369,b0378,b0381,b0386,b0388,b0393,b0394,b0399,b0400,b0405,b0406,b0410,b0415,b0416,b0419,b0420,b0421,b0422,b0423,b0424,b0426,b0435,b0436,b0437,b0438,b0439,b0440,b0450,b0452,b0457,b0460,b0469,b0471,b0473,b0474,b0481,b0489,b0492,b0506,b0521,b0522,b0523,b0525,b0526,b0528,b0529,b0570,b0578,b4511,b0586,b0594,b0595,b0596,b0597,b0605,b0606,b0619,b0628,b0631,b0637,b0651,b0660,b0661,b0674,b0675,b0678,b0683,b0684,b0686,b0687,b0694,b0712,b0720,b0726,b0727,b0728,b0729,b0750,b0754,b0755,b0758,b0759,b0761,b0766,b0767,b0771,b0778,b0782,b0784,b0785,b0797,b0800,b0801,b0822,b0823,b0826,b0827,b0835,b0838,b0844,b0851,b0870,b0871,b0880,b0882,b0888,b0889,b0893,b0897,b0902,b0903,b0905,b0907,b0908,b0910,b0911,b0912,b0917,b0918,b0924,b0927,b0931,b0935,b0945,b0954,b0962,b0963,b0967,b0990,b4517,b0995,b1003,b1004,b1019,b1033,b1035,b1051,b1062,b1064,b1066,b1067,b1075,b1076,b1084,b1086,b1088,b1089,b1091,b1092,b1093,b1094,b1095,b1096,b1100,b1103,b1107,b1108,b1130,b1131,b1136,b1174,b1175,b1176,b1178,b1187,b1190,b1192,b1198,b1199,b1200,b1215,b1219,b1221,b1232,b1235,b1236,b1237,b1238,b1241,b1253,b1260,b1261,b1267,b1269,b1273,b1277,b1280,b1281,b1284,b1286,b1295,b1304,b1323,b1334,b1344,b1406,b1412,b1446,b1519,b1538,b1539,b1541,b1613,b1619,b1636,b1647,b1650,b1651,b1652,b1654,b1656,b1662,b1667,b1681,b1682,b1683,b1684,b1686,b1693,b1703,b1712,b1716,b1717,b1718,b1719,b1727,b1732,b1736,b1738,b1740,b1744,b1749,b1751,b1761,b1765,b1768,b1778,b1779,b1780,b1805,b1807,b1809,b1814,b1817,b1827,b1831,b1832,b1839,b1842,b1844,b1848,b1849,b1850,b1851,b1852,b1860,b1864,b1867,b1870,b1875,b1881,b1882,b1883,b1884,b1887,b1888,b1900,b1922,b1925,b1926,b1938,b1940,b1967,b1969,b1976,b2007,b2016,b2019,b2020,b2024,b2025,b2026,b2029,b2042,b2065,b2066,b2069,b2079,b2081,b2091,b2093,b2096,b2097,b2103,b2104,b2107,b2120,b2122,b2125,b2143,b2153,b2154,b2163,b2168,b2171,b2176,b2183,b2185,b2187,b2201,b2210,b2217,b2231,b2232,b2234,b2235,b2241,b2242,b2262,b2263,b2266,b2294,b2296,b2299,b2300,b2303,b2312,b2316,b2319,b2320,b2323,b2325,b2329,b2330,b2342,b2343,b2369,b2381,b2388,b2400,b2409,b2411,b2414,b2415,b2416,b2417,b2418,b2431,b2465,b2467,b2471,b2472,b2476,b2478,b2479,b2480,b2495,b2496,b2498,b2499,b2500,b2501,b2507,b2508,b2511,b2514,b2515,b2517,b2518,b2521,b2523,b2524,b2525,b2526,b2527,b2528,b2529,b2530,b2531,b2532,b2533,b2551,b2553,b2557,b2564,b2566,b2567,b2569,b2574,b2576,b2579,b2581,b2582,b2585,b2592,b2594,b2597,b2606,b2607,b2608,b2609,b2610,b2614,b2615,b2616,b2620,b2661,b2662,b2672,b2675,b2676,b2684,b2687,b2688,b2696,b2697,b2733,b2745,b2747,b2764,b2777,b2779,b2780,b2791,b2794,b2795,b2799,b2800,b2820,b2827,b2834,b2843,b2874,b2883,b2898,b2900,b2901,b2903,b2904,b2905,b2908,b2909,b2910,b2913,b2914,b2925,b2926,b2927,b2935,b2937,b2942,b2947,b2948,b2950,b2951,b2954,b2959,b2962,b2965,b2988,b3011,b3012,b3019,b3025,b3028,b3029,b3030,b3034,b3041,b3042,b3052,b3053,b3055,b3064,b3065,b3067,b3070,b3071,b3073,b3077,b3100,b3113,b3114,b3115,b3117,b3153,b3154,b3156,b3157,b3160,b3162,b3164,b3165,b3166,b3168,b3169,b3170,b3172,b3176,b3177,b3179,b3180,b3181,b3183,b3185,b3186,b3187,b3189,b3190,b3191,b3198,b3203,b3204,b3209,b3210,b3212,b3213,b3223,b3225,b3228,b3229,b3230,b3231,b3236,b3244,b3250,b3255,b3256,b3259,b3261,b3279,b3281,b3282,b3287,b3288,b3289,b3290,b3294,b3295,b3296,b3297,b3298,b3299,b3301,b3302,b3303,b3304,b3305,b3306,b3307,b3308,b3309,b3310,b3311,b3312,b3313,b3314,b3315,b3316,b3317,b3318,b3319,b3320,b3321,b3336,b3340,b3341,b3342,b3343,b3344,b3345,b3346,b3349,b3352,b3357,b3384,b3385,b3386,b3397,b3399,b3400,b3401,b3403,b3404,b3405,b3407,b3414,b3416,b3417,b3429,b3432,b3433,b3438,b3440,b3461,b3464,b3470,b3475,b3486,b3492,b3498,b3499,b3500,b3526,b3553,b3559,b3560,b3572,b3591,b3592,b3600,b3602,b3607,b3608,b3609,b3610,b3611,b3612,b3616,b3617,b3619,b3620,b3621,b3636,b3637,b3639,b3640,b3642,b3643,b3644,b3647,b3648,b3649,b3650,b3652,b3687,b3697,b3699,b3701,b3702,b3703,b3706,b3708,b3712,b3713,b3729,b3730,b3740,b3741,b3742,b3744,b3745,b3746,b3748,b3755,b3764,b3770,b3771,b3774,b3780,b3781,b3783,b3786,b3787,b3789,b3805,b3807,b3809,b3813,b3820,b3826,b3829,b3831,b3836,b4483,b3843,b3844,b3847,b3858,b3863,b3865,b3866,b3868,b3870,b3871,b3891,b3895,b3902,b3908,b3910,b3911,b3912,b3916,b3919,b3922,b3923,b3924,b3926,b3929,b3931,b3932,b3934,b3936,b3938,b3940,b3941,b3942,b3945,b3951,b3956,b3960,b3961,b3962,b3965,b3972,b3982,b3983,b3984,b3985,b3986,b3987,b3988,b3991,b3992,b3994,b3997,b3999,b4000,b4006,b4015,b4018,b4019,b4024,b4025,b4039,b4043,b4045,b4046,b4049,b4051,b4052,b4053,b4054,b4058,b4059,b4113,b4117,b4119,b4125,b4139,b4142,b4143,b4147,b4153,b4154,b4155,b4161,b4162,b4172,b4173,b4174,b4177,b4178,b4179,b4180,b4198,b4200,b4202,b4203,b4207,b4209,b4211,b4219,b4222,b4226,b4232,b4234,b4235,b4239,b4243,b4245,b4252,b4255,b4258,b4328,b4352,b4360,b4367,b4371,b4375,b4378,b4381,b4382,b4383,b4384,b4396,b4397,b4398,b4401,b4403",0.160834692130256,0.0812591530065789,0.0911482014834325
"GO:0030288","outer membrane-bounded periplasmic space","GO:0030288","outer membrane-bounded periplasmic space","CC",145,"145/2622","b0053,b0068,b0069,b0123,b0124,b0149,b0152,b0158,b0178,b0196,b0197,b0220,b0442,b0445,b0457,b0462,b0463,b0480,b0494,b0570,b0592,b0604,b0611,b0619,b0632,b0635,b0655,b0657,b0740,b0742,b0763,b0811,b0819,b0830,b0839,b0854,b0860,b0863,b0891,b0926,b0936,b0951,b0952,b0957,b0980,b0996,b0997,b1002,b1018,b1019,b1037,b1048,b1056,b1080,b1097,b1116,b1123,b1197,b1209,b1243,b1252,b1294,b1308,b1329,b1424,b1452,b1538,b1597,b1646,b1671,b1743,b1830,b1834,b1841,b1901,b1920,b1938,b1971,b2107,b2132,b2144,b2150,b2156,b2176,b2177,b2195,b2206,b2209,b2309,b2310,b2328,b2435,b2494,b2555,b2556,b2571,b2679,b2685,b2701,b2753,b2817,b2821,b2893,b2957,b2963,b3017,b3024,b3150,b3192,b3199,b3200,b3234,b3235,b3250,b3347,b3404,b3447,b3453,b3458,b3460,b3476,b3509,b3510,b3544,b3551,b3566,b3571,b3613,b3728,b3751,b3911,b4484,b3917,b4002,b4034,b4037,b4070,b4071,b4125,b4150,b4169,b4213,b4227,b4376,b4392",0.239078035474824,0.100115172480397,0.100681502524441
"GO:0009279","cell outer membrane","GO:0009279","cell outer membrane","CC",60,"60/2622","b0054,b0177,b0192,b0196,b0378,b0411,b0584,b0633,b0641,b0762,b0772,b0805,b0814,b0867,b0952,b0957,b1037,b1050,b1079,b1102,b1105,b1193,b1209,b1256,b1278,b1283,b1451,b1631,b1639,b1641,b1782,b2155,b2175,b2215,b2477,b2501,b2505,b2512,b2558,b2595,b2617,b2701,b2742,b2936,b2963,b2971,b3014,b3037,b3147,b3150,b3163,b3200,b3391,b3552,b3821,b4027,b4410,b4411,b4149,b4220",0.150623874476712,0.076557491255292,0.0496261663159605
"GO:0043190","ATP-binding cassette (ABC) transporter complex","GO:0043190","ATP-binding cassette (ABC) transporter complex","CC",96,"96/2622","b0066,b0067,b0128,b0151,b0153,b0197,b0198,b0199,b0367,b0490,b0491,b0588,b0589,b0653,b0654,b0760,b0764,b0765,b0792,b0793,b0810,b0829,b0830,b0831,b0832,b0855,b0857,b0862,b0886,b0887,b0914,b0933,b1124,b1125,b1126,b1243,b1290,b1293,b1294,b1329,b1709,b1858,b1859,b1900,b1917,b1918,b2129,b2130,b2148,b2149,b2177,b2178,b2179,b2180,b2211,b2306,b2307,b2308,b2422,b2423,b2424,b2677,b2678,b2679,b3194,b3201,b3450,b3451,b3452,b3454,b3455,b3456,b3457,b3476,b3477,b3478,b3479,b3480,b3486,b3540,b3541,b3542,b3543,b3544,b3568,b3728,b3749,b3750,b4032,b4033,b4034,b4035,b4230,b4231,b4261,b4262",0.35884274854771,0.106813630898381,0.208937961772983
"GO:0032991","protein-containing complex","GO:0032991","protein-containing complex","CC",461,"461/2622","b0014,b0023,b0032,b0054,b0061,b0064,b0066,b0067,b0071,b0072,b0076,b0077,b0104,b0114,b0115,b0116,b0125,b0128,b0151,b0153,b0169,b0177,b0183,b0184,b0185,b0196,b0197,b0198,b0199,b0222,b0238,b0367,b0368,b0399,b0407,b0411,b0415,b0422,b0429,b0430,b0431,b0432,b0437,b0438,b0442,b0462,b0463,b0467,b0487,b0490,b0491,b0507,b0583,b0586,b0588,b0589,b0596,b0605,b0606,b0627,b0640,b0641,b0651,b0653,b0654,b0662,b0677,b0683,b0687,b0694,b0696,b0697,b0721,b0723,b0726,b0727,b0728,b0729,b0733,b0734,b4515,b0740,b0742,b0760,b0764,b0765,b0779,b0781,b0783,b0792,b0793,b0810,b0829,b0830,b0831,b0832,b0855,b0857,b0862,b0871,b0879,b0886,b0887,b0889,b0892,b0896,b0911,b0914,b0924,b0933,b0935,b0957,b0974,b0995,b1004,b1037,b1040,b1084,b1089,b1099,b1116,b1117,b1118,b1124,b1125,b1126,b1130,b1183,b1215,b1219,b1221,b1227,b1235,b1236,b1237,b1243,b1252,b1290,b1293,b1294,b1329,b1334,b1539,b1584,b1590,b1619,b1681,b1682,b1683,b1709,b1712,b1716,b1717,b1736,b1741,b1842,b1858,b1859,b1860,b1861,b1863,b1871,b1881,b1884,b1886,b1887,b1888,b1900,b1917,b1918,b1969,b1970,b2025,b2065,b2068,b2079,b2125,b2129,b2130,b2148,b2149,b2153,b2154,b2177,b2178,b2179,b2180,b2185,b2211,b2215,b2231,b2232,b2234,b2235,b2241,b2242,b2255,b2260,b2276,b2277,b2278,b2279,b2280,b2281,b2282,b2285,b2286,b2287,b2288,b2300,b2306,b2307,b2308,b2316,b2381,b2414,b2422,b2423,b2424,b2440,b2477,b2501,b2508,b2509,b2512,b2513,b2526,b2527,b2584,b2595,b2597,b2606,b2609,b2610,b2614,b2617,b2659,b2661,b2675,b2676,b2677,b2678,b2679,b2705,b2710,b2720,b2731,b2733,b2764,b2779,b2780,b2795,b2819,b2820,b2831,b2894,b2903,b2904,b2906,b2907,b2908,b2957,b2960,b2968,b2994,b2995,b2996,b2997,b3005,b3006,b3008,b3019,b3025,b3042,b3065,b3066,b3076,b3117,b3165,b3175,b3178,b3185,b3186,b3194,b3199,b3200,b3201,b3202,b3203,b3205,b3228,b3230,b3231,b3237,b3244,b3252,b3255,b3261,b3279,b3294,b3296,b3297,b3298,b3299,b3300,b3301,b3302,b3303,b3304,b3305,b3306,b3307,b3308,b3309,b3310,b3311,b3312,b3313,b3314,b3315,b3316,b3317,b3318,b3319,b3320,b3321,b3341,b3342,b3343,b3344,b3345,b3357,b3365,b3366,b3405,b3426,b3430,b3450,b3451,b3452,b3454,b3455,b3456,b3457,b3461,b3476,b3477,b3478,b3479,b3480,b3481,b3486,b3540,b3541,b3542,b3543,b3544,b3568,b3607,b3608,b3636,b3637,b3639,b3640,b3649,b3652,b3670,b3671,b3699,b3701,b3703,b3704,b3705,b3708,b3728,b3731,b3733,b3734,b3735,b3736,b3737,b3738,b3749,b3750,b3774,b3811,b3813,b3822,b3831,b3833,b3834,b3836,b3838,b3839,b3845,b3846,b3892,b3893,b3903,b3912,b3916,b3929,b3931,b3932,b3935,b3936,b3941,b3945,b3961,b3973,b3981,b3983,b3984,b3985,b3986,b4000,b4032,b4033,b4034,b4035,b4043,b4046,b4052,b4058,b4096,b4101,b4113,b4125,b4137,b4142,b4143,b4151,b4152,b4153,b4154,b4170,b4174,b4175,b4200,b4201,b4202,b4203,b4220,b4221,b4230,b4231,b4232,b4235,b4237,b4238,b4243,b4244,b4259,b4261,b4262,b4355,b4361,b4362,b4390,b4398,b4401",0.200627925240202,0.0980520567635215,0.154445395103307
"GO:0005840","ribosome","GO:0005840","ribosome","CC",60,"60/2622","b0023,b0169,b0911,b1089,b1716,b1717,b2185,b2597,b2606,b2608,b2609,b3065,b3162,b3165,b3185,b3186,b3203,b3228,b3230,b3231,b3294,b3296,b3297,b3298,b3299,b3301,b3302,b3303,b3304,b3305,b3306,b3307,b3308,b3309,b3310,b3311,b3312,b3313,b3314,b3315,b3316,b3317,b3318,b3319,b3320,b3321,b3341,b3342,b3486,b3636,b3637,b3703,b3936,b3983,b3984,b3985,b3986,b4200,b4202,b4203",0.0362112772976654,0.0425531551633118,0.0347385111278168
"GO:0046872","metal ion binding","GO:0046872","metal ion binding","MF",588,"588/2622","b0014,b0026,b0029,b0052,b0061,b0062,b0072,b0073,b0077,b0085,b0091,b0092,b0096,b0099,b0101,b0104,b0110,b0114,b0116,b0118,b0120,b0123,b0124,b0125,b0126,b0134,b0142,b0144,b0145,b0156,b0160,b0168,b0169,b0170,b0173,b0174,b0176,b0183,b0187,b0200,b0212,b0214,b0222,b0231,b0237,b0238,b0242,b0315,b0325,b0337,b0356,b0357,b0368,b0369,b0381,b0385,b0388,b0406,b0413,b0414,b0417,b0418,b0420,b0421,b0431,b0432,b0438,b0444,b0446,b0469,b0474,b0475,b0480,b0484,b0487,b0507,b0512,b0515,b0522,b0524,b0526,b0570,b0583,b0585,b0593,b0595,b0599,b0628,b0651,b0659,b0661,b0675,b0677,b0679,b0683,b0697,b0714,b0721,b0722,b0724,b0726,b0728,b0733,b0734,b0750,b0758,b0761,b0763,b0766,b0771,b0775,b0778,b0781,b0803,b0804,b0812,b0817,b0822,b0826,b0827,b0835,b0844,b0852,b0867,b0871,b0872,b0873,b0893,b0902,b0905,b0909,b0918,b0927,b0932,b0947,b0974,b0975,b0996,b0997,b1015,b1019,b1057,b1062,b1084,b1093,b1100,b1119,b1120,b1128,b1129,b1136,b1180,b1199,b1203,b1227,b1236,b1238,b1241,b1263,b1277,b1280,b1325,b1326,b1334,b1341,b1342,b1344,b1535,b1538,b1584,b1613,b1628,b1633,b1636,b1646,b1651,b1652,b1654,b1656,b1670,b1671,b1674,b1687,b1702,b1719,b1727,b1732,b1733,b1734,b1740,b1744,b1749,b1763,b1768,b1778,b1794,b1808,b1812,b1813,b1814,b1829,b1838,b1841,b1849,b1851,b1856,b1857,b1863,b1865,b1873,b1874,b1882,b1897,b1927,b1960,b1967,b1971,b1972,b2011,b2019,b2020,b2022,b2067,b2086,b2091,b2096,b2104,b2105,b2107,b2122,b2143,b2147,b2150,b2153,b2163,b2173,b2184,b2197,b2202,b2203,b2205,b2206,b2208,b2212,b2213,b2214,b2215,b2235,b2236,b2239,b2251,b2261,b2264,b2265,b2268,b2281,b2285,b2287,b2291,b2293,b2296,b2299,b2300,b2312,b2315,b2316,b2326,b2328,b2384,b2385,b2392,b2400,b2411,b2416,b2417,b2418,b2431,b2435,b2436,b2439,b2465,b2467,b2468,b2472,b2494,b2498,b2501,b2508,b2515,b2517,b2518,b2523,b2524,b2525,b2528,b2529,b2530,b2531,b2533,b2545,b2551,b2552,b2557,b2559,b2560,b2562,b2563,b2567,b2582,b2584,b2604,b2607,b2615,b2659,b2676,b2687,b2688,b2690,b2697,b2701,b2708,b2709,b2710,b2712,b2713,b2717,b2719,b2720,b2721,b2724,b2726,b2727,b2728,b2729,b2744,b2746,b2747,b2753,b2765,b2767,b2777,b2779,b2780,b2781,b2785,b2788,b2797,b2798,b2799,b2800,b2812,b2820,b2821,b2827,b2830,b2843,b2866,b2868,b2872,b2873,b2877,b2879,b2881,b2883,b2886,b2887,b2889,b2908,b2925,b2935,b2936,b2937,b2942,b2944,b2947,b2954,b2955,b2961,b2962,b2988,b2990,b2991,b2993,b2994,b2995,b2996,b2997,b3011,b3017,b3030,b3032,b3034,b3038,b3039,b3041,b3053,b3054,b3056,b3064,b3066,b3080,b3081,b3091,b4471,b3115,b3126,b3128,b3158,b3159,b3164,b3176,b3177,b3178,b3183,b3187,b3197,b3198,b3211,b3212,b3213,b3222,b3231,b3244,b3247,b3248,b3256,b3279,b3283,b3287,b3292,b3317,b3336,b3337,b3349,b3365,b3385,b3386,b3389,b3397,b3399,b3401,b3403,b3408,b3410,b3414,b3430,b3439,b3449,b3469,b3475,b3476,b3477,b3478,b3479,b3480,b3481,b3498,b3518,b3527,b3549,b3551,b3565,b3571,b3573,b3612,b3616,b3617,b3635,b3638,b3639,b3640,b3642,b3665,b3671,b3697,b3699,b3706,b3708,b3712,b3724,b3730,b3771,b3774,b3784,b3789,b3800,b3807,b3812,b3821,b3822,b3826,b3829,b3831,b4483,b3843,b3847,b3849,b3857,b3859,b3865,b3867,b3870,b3885,b3891,b3892,b3893,b3902,b3903,b3908,b3910,b3916,b3925,b3926,b3927,b3930,b3931,b3932,b3935,b3936,b3942,b3945,b3947,b3952,b3956,b3957,b3988,b3990,b3992,b3993,b3994,b3996,b3998,b4002,b4005,b4015,b4019,b4042,b4046,b4051,b4058,b4063,b4070,b4071,b4072,b4075,b4119,b4137,b4142,b4143,b4146,b4153,b4161,b4162,b4166,b4167,b4168,b4173,b4177,b4178,b4192,b4196,b4198,b4209,b4213,b4214,b4226,b4232,b4237,b4238,b4242,b4244,b4258,b4260,b4269,b4322,b4328,b4334,b4352,b4362,b4367,b4374,b4378,b4379,b4383,b4388,b4389,b4390,b4394",0.145038649752263,0.0880485579260418,0.113235142999306
"GO:0003677","DNA binding","GO:0003677","DNA binding","MF",266,"266/2622","b0006,b0020,b0059,b0060,b0064,b0069,b0076,b0080,b0081,b0113,b0146,b0160,b0184,b0208,b0231,b0313,b0315,b0357,b0393,b0398,b0399,b0413,b0435,b0439,b0440,b0442,b0454,b0460,b0461,b0464,b0467,b0471,b0487,b0506,b0603,b0610,b0620,b0640,b0683,b0687,b0694,b0708,b0714,b0761,b0779,b0796,b0800,b0812,b0817,b0840,b0846,b0880,b0889,b0892,b0912,b0924,b0949,b0956,b0962,b0966,b0990,b0994,b0995,b1000,b1013,b1040,b1099,b1111,b1130,b1183,b1187,b1201,b1221,b1235,b1237,b1284,b1303,b1323,b1334,b1340,b1434,b1439,b1452,b1530,b1531,b1618,b1625,b1633,b1642,b1649,b1712,b1731,b1735,b1749,b1763,b1808,b1827,b1842,b1860,b1861,b1864,b1892,b1914,b1916,b1922,b1951,b1960,b1969,b1987,b1988,b2011,b2015,b2068,b2079,b2105,b2125,b2151,b2157,b2163,b2184,b2186,b2193,b2213,b2217,b2231,b2316,b2369,b2381,b2382,b2399,b2409,b2411,b2437,b2508,b2516,b2523,b2531,b2561,b2573,b2577,b2609,b2664,b2667,b2684,b2699,b2706,b2707,b2709,b2731,b2733,b2741,b2798,b2805,b2808,b2819,b2820,b2831,b2837,b2869,b2894,b2916,b2961,b3010,b3019,b3025,b3030,b3066,b3067,b3068,b3071,b3075,b3094,b3105,b3131,b3181,b3183,b3188,b3202,b3226,b3237,b3243,b3261,b3262,b3283,b3292,b3295,b3357,b3387,b3391,b3400,b3405,b3406,b3410,b3438,b3461,b3481,b3516,b3521,b3555,b3569,b3604,b3635,b3641,b3649,b3652,b3699,b3700,b3701,b3702,b3711,b3743,b3755,b4480,b3773,b3811,b3813,b3822,b3828,b3842,b3863,b3868,b3905,b3908,b3912,b3934,b3935,b3938,b3954,b3961,b3963,b3973,b3987,b3988,b4000,b4018,b4043,b4046,b4052,b4058,b4059,b4062,b4063,b4113,b4116,b4118,b4124,b4135,b4170,b4172,b4178,b4187,b4191,b4201,b4212,b4241,b4259,b4260,b4324,b4357,b4362,b4389,b4390,b4393,b4396,b4398,b4401",-0.0170917112151503,0.0146304915448076,0.0228184693458527
"GO:0016740","transferase activity","GO:0016740","transferase activity","MF",458,"458/2622","b0002,b0003,b0008,b0009,b0025,b0035,b0038,b0060,b0063,b0074,b0077,b0078,b0082,b0084,b0087,b0089,b0090,b0103,b0109,b0115,b0121,b0125,b0129,b0134,b0142,b0143,b0149,b0154,b0166,b0167,b0171,b0174,b0175,b0179,b0180,b0181,b0182,b0184,b0185,b0195,b0211,b0213,b0223,b0231,b0234,b0238,b0242,b0323,b0385,b0388,b0394,b0400,b0405,b0406,b0415,b0417,b0420,b0421,b0423,b0428,b0469,b0474,b0494,b0514,b0521,b0570,b0583,b0586,b0594,b0595,b0607,b0614,b0619,b0628,b0630,b0633,b0634,b0636,b0640,b0657,b0661,b0679,b0720,b0727,b0750,b0754,b0758,b0766,b0774,b0775,b0780,b0785,b0789,b0800,b0807,b0815,b0819,b0826,b0827,b0835,b0838,b0885,b0903,b0907,b0908,b0910,b0918,b0921,b0931,b0948,b0954,b0967,b0969,b0993,b1046,b1066,b1090,b1091,b1092,b1093,b1095,b1097,b1099,b1106,b1119,b1120,b1129,b1183,b1193,b1198,b1199,b1200,b1208,b1212,b1215,b1232,b1236,b1238,b1249,b1263,b1270,b1308,b1335,b1341,b1344,b1427,b1428,b1439,b1448,b1519,b1535,b1584,b1609,b1635,b1636,b1640,b1662,b1678,b1702,b1703,b1736,b1738,b1747,b1757,b1758,b1783,b1794,b1812,b1817,b1818,b1819,b1835,b1842,b1849,b1855,b1870,b1871,b1882,b1884,b1888,b1896,b1912,b1922,b1961,b1968,b1990,b1991,b1992,b1993,b2019,b2025,b2042,b2066,b2067,b2078,b2086,b2093,b2100,b2103,b2104,b2126,b2167,b2168,b2169,b2174,b2213,b2214,b2216,b2232,b2253,b2254,b2255,b2264,b2267,b2290,b2296,b2301,b2311,b2312,b2316,b2323,b2330,b2342,b2378,b2379,b2380,b2388,b2414,b2415,b2416,b2417,b2418,b2421,b2429,b2434,b2465,b2469,b2474,b2498,b2500,b2501,b2517,b2518,b2519,b2521,b2530,b2532,b2551,b2556,b2558,b2563,b2564,b2575,b2579,b2581,b2584,b2585,b2601,b2604,b2607,b2615,b2662,b2668,b2701,b2703,b2704,b2712,b2743,b2747,b2750,b2751,b2752,b2776,b2784,b2785,b2786,b2803,b2806,b2810,b2818,b2827,b2828,b2836,b2844,b2870,b2874,b2877,b2905,b2926,b2928,b2933,b2935,b2942,b2946,b2960,b2963,b3018,b3026,b3052,b3053,b3056,b3059,b3064,b3066,b3073,b3084,b3102,b3114,b3115,b3124,b3133,b3146,b3156,b3164,b3177,b3179,b3187,b3189,b3202,b3204,b3206,b3208,b3210,b3222,b3259,b3262,b3282,b3288,b3289,b3295,b3317,b3345,b3355,b3359,b3360,b3361,b3368,b3387,b3404,b3416,b3417,b3425,b3429,b3430,b3432,b3437,b3441,b3447,b3459,b3465,b3475,b3497,b3499,b3526,b3546,b3550,b3564,b3572,b3591,b3592,b3599,b3606,b3607,b3615,b3617,b3620,b3621,b3630,b3631,b3634,b3642,b3643,b3648,b3649,b3650,b3651,b3670,b3671,b3701,b3712,b3729,b3730,b3740,b3769,b3770,b3784,b3785,b3789,b3790,b3791,b3794,b3805,b3825,b3829,b3831,b3833,b3835,b3845,b3856,b3857,b3859,b3862,b3863,b3869,b3888,b3895,b3904,b3911,b3916,b3926,b3930,b3939,b3940,b3947,b3949,b3950,b3953,b3959,b3965,b3974,b3987,b3988,b3991,b3992,b3993,b4003,b4006,b4012,b4013,b4014,b4019,b4024,b4042,b4054,b4093,b4096,b4101,b4112,b4125,b4155,b4168,b4171,b4180,b4193,b4194,b4195,b4245,b4256,b4259,b4371,b4372,b4373,b4382,b4384,b4390,b4392,b4399,b4403",0.133070413022217,0.0644482072482615,0.0656281729605346
"GO:0005524","ATP binding","GO:0005524","ATP binding","MF",331,"331/2622","b0002,b0003,b0009,b0014,b0025,b0026,b0032,b0059,b0063,b0066,b0085,b0086,b0088,b0091,b0092,b0094,b0103,b0107,b0133,b0142,b0143,b0144,b0148,b0151,b0171,b0185,b0188,b0194,b0199,b0242,b0381,b0388,b0394,b0397,b0400,b0413,b0417,b0423,b0426,b0438,b0439,b0444,b0449,b0450,b0473,b0474,b0484,b0490,b0495,b0514,b0521,b0522,b0526,b0570,b0581,b0586,b0588,b0594,b0619,b0660,b0674,b0696,b0697,b0711,b0712,b0713,b0728,b0755,b0760,b0765,b0778,b0779,b0794,b0797,b0809,b0820,b0826,b0829,b0852,b0855,b0876,b0879,b0882,b0886,b0887,b0892,b0893,b0910,b0914,b0924,b0930,b0933,b0949,b0955,b0962,b0993,b1106,b1117,b1119,b1126,b1129,b1175,b1199,b1201,b1203,b1208,b1221,b1238,b1246,b1247,b1270,b1290,b1303,b1321,b1323,b1343,b1344,b1376,b1413,b1609,b1636,b1640,b1682,b1702,b1703,b1709,b1719,b1740,b1756,b1805,b1808,b1849,b1858,b1860,b1861,b1888,b1900,b1917,b1968,b1993,b2016,b2019,b2026,b2066,b2069,b2078,b2086,b2103,b2104,b2126,b2129,b2149,b2168,b2180,b2184,b2193,b2201,b2211,b2216,b2231,b2234,b2260,b2296,b2306,b2315,b2316,b2380,b2388,b2400,b2418,b2422,b2461,b2469,b2474,b2476,b2499,b2501,b2507,b2508,b2514,b2518,b2526,b2553,b2556,b2557,b2567,b2576,b2584,b2592,b2615,b2616,b2675,b2677,b2688,b2697,b2699,b2708,b2709,b2731,b2733,b2750,b2751,b2752,b2780,b2781,b2784,b2786,b2803,b2812,b2819,b2820,b2836,b2869,b2912,b2926,b2928,b2942,b2947,b2950,b2984,b2985,b2988,b3019,b3026,b3030,b3038,b3052,b3053,b3056,b3115,b3124,b3162,b3172,b3178,b3195,b3201,b3205,b3210,b3222,b3232,b3251,b3256,b3282,b3352,b3355,b3361,b3384,b3403,b3404,b3430,b3437,b3450,b3454,b3455,b3463,b3469,b3479,b3480,b3486,b3526,b3540,b3541,b3559,b3560,b3564,b3567,b3570,b3630,b3634,b3648,b3652,b3699,b3700,b3702,b3725,b3731,b3733,b3734,b3744,b3746,b3749,b3780,b3783,b3806,b3813,b3822,b3831,b3835,b3859,b3868,b3869,b3870,b3904,b3911,b3916,b3926,b3931,b3932,b3935,b3940,b3959,b3973,b3974,b3992,b4003,b4005,b4024,b4035,b4042,b4052,b4058,b4096,b4112,b4125,b4142,b4143,b4155,b4167,b4168,b4170,b4171,b4173,b4233,b4238,b4242,b4258,b4361,b4389,b4390,b4391,b4399",0.105166900244904,0.019863260893069,0.0501461531339853
"GO:0016787","hydrolase activity","GO:0016787","hydrolase activity","MF",482,"482/2622","b0014,b0026,b0027,b0030,b0049,b0059,b0060,b0066,b0084,b0095,b0096,b0099,b0110,b0130,b0132,b0147,b0148,b0149,b0151,b0159,b0160,b0167,b0168,b0176,b0183,b0191,b0194,b0199,b0200,b0212,b0214,b0219,b0227,b0237,b0239,b0315,b0324,b0337,b0355,b0376,b0397,b0398,b0400,b0403,b0404,b0410,b0414,b0418,b0422,b0424,b0437,b0438,b0439,b0443,b0446,b0449,b0452,b0457,b0473,b0476,b0480,b0481,b0484,b0490,b0494,b0495,b0505,b0512,b0515,b0524,b0529,b0585,b0586,b0588,b0595,b0597,b0611,b0632,b0635,b0638,b0651,b0659,b0675,b0677,b0678,b0686,b0711,b0712,b0713,b0714,b0736,b0765,b0766,b0767,b0772,b0779,b0789,b0794,b0797,b0809,b0815,b0819,b0822,b0828,b0829,b0839,b0844,b0855,b0867,b0879,b0882,b0886,b0887,b0892,b0897,b0905,b0909,b0914,b0916,b0926,b0927,b0932,b0933,b0949,b0955,b0962,b0968,b0975,b0980,b0993,b1002,b1045,b1062,b1081,b1084,b1087,b1099,b1100,b1103,b1107,b1117,b1120,b1126,b1129,b1134,b1175,b1180,b1183,b1192,b1197,b1203,b1204,b1232,b1234,b1246,b1247,b1253,b1272,b1277,b1278,b1286,b1290,b1326,b1340,b1343,b1413,b1524,b1538,b1633,b1652,b1678,b1682,b1686,b1708,b1709,b1719,b1724,b1727,b1733,b1734,b1740,b1741,b1744,b1749,b1756,b1759,b1766,b1768,b1787,b1804,b1807,b1808,b1813,b1829,b1830,b1838,b1844,b1845,b1856,b1860,b1861,b1863,b1865,b1867,b1881,b1883,b1897,b1900,b1917,b1927,b1960,b1967,b1970,b1976,b1990,b2010,b2011,b2022,b2026,b2065,b2068,b2069,b2081,b2099,b2129,b2132,b2134,b2143,b2149,b2153,b2154,b2173,b2174,b2175,b2176,b2180,b2184,b2201,b2211,b2239,b2251,b2256,b2268,b2291,b2293,b2299,b2300,b2306,b2328,b2340,b2384,b2385,b2422,b2428,b2435,b2467,b2472,b2473,b2494,b2502,b2507,b2509,b2511,b2519,b2523,b2526,b2533,b2557,b2559,b2560,b2566,b2567,b2568,b2569,b2576,b2580,b2592,b2609,b2610,b2677,b2690,b2697,b2700,b2717,b2727,b2729,b2733,b2742,b2744,b2751,b2753,b2781,b2784,b2786,b2795,b2798,b2817,b2819,b2820,b2821,b2830,b2831,b2872,b2873,b2879,b2883,b2889,b2892,b2900,b2901,b2908,b2936,b2937,b2945,b2949,b2954,b2957,b2961,b2963,b2972,b2988,b2993,b3031,b3032,b3034,b3053,b3054,b3056,b3057,b3068,b3076,b3080,b3085,b3113,b3147,b3153,b3155,b3162,b3164,b3168,b3178,b3182,b3183,b3195,b3198,b3201,b3210,b3232,b3234,b3235,b3244,b3247,b3248,b3287,b3340,b3352,b3353,b3385,b3397,b3399,b3404,b3412,b3424,b3431,b3432,b3447,b3449,b3450,b3454,b3455,b3463,b3464,b3468,b3469,b3479,b3480,b3486,b3498,b3519,b3525,b3527,b3529,b3540,b3541,b3546,b3549,b3567,b3570,b3571,b3590,b3613,b3635,b3638,b3640,b3643,b3650,b3652,b3656,b3665,b3697,b3701,b3704,b3706,b3725,b3746,b3749,b3765,b3779,b3780,b3783,b3812,b3813,b3820,b3821,b3822,b3825,b3826,b3830,b4483,b3847,b3863,b3869,b3871,b3885,b3887,b3911,b3918,b3925,b3931,b3932,b3935,b3957,b3985,b3986,b3996,b3998,b4005,b4006,b4021,b4035,b4043,b4052,b4058,b4095,b4096,b4112,b4119,b4142,b4143,b4150,b4161,b4162,b4168,b4169,b4170,b4173,b4179,b4190,b4192,b4206,b4213,b4214,b4226,b4232,b4235,b4239,b4243,b4258,b4260,b4328,b4352,b4372,b4374,b4375,b4377,b4378,b4388,b4389,b4391,b4392,b4394,b4395",0.0243955482779614,0.0110522516712448,0.0163301733635032
"GO:0042802","identical protein binding","GO:0042802","identical protein binding","MF",333,"333/2622","b0002,b0009,b0031,b0052,b0064,b0080,b0088,b0093,b0094,b0095,b0102,b0104,b0114,b0116,b0125,b0126,b0133,b0134,b0155,b0159,b0160,b0171,b0173,b0178,b0179,b0180,b0181,b0182,b0185,b0186,b0188,b0192,b0238,b0242,b0243,b0337,b0356,b0368,b0385,b0386,b0399,b0436,b0437,b0438,b0440,b0441,b0451,b0452,b0462,b0463,b0473,b0487,b0489,b0494,b0506,b0507,b0523,b0578,b0595,b0596,b0597,b0599,b0605,b0674,b0678,b0687,b0720,b0726,b0754,b0759,b0779,b0782,b0783,b0796,b0812,b0827,b0838,b0852,b0870,b0871,b0875,b0879,b0889,b0892,b0893,b0897,b0914,b0924,b0932,b0951,b0952,b0957,b0963,b0966,b4517,b0993,b0998,b1000,b1004,b1037,b1040,b1042,b1084,b1093,b1129,b1130,b1174,b1175,b1176,b1183,b1200,b1210,b1215,b1219,b1221,b1236,b1237,b1238,b1241,b1261,b1303,b1304,b1341,b1535,b1584,b1606,b1619,b1636,b1652,b1732,b1734,b1761,b1807,b1834,b1850,b1852,b1861,b1871,b1881,b1886,b1939,b2022,b2029,b2079,b2091,b2097,b2104,b2143,b2153,b2156,b2186,b2215,b2217,b2231,b2234,b2235,b2255,b2260,b2291,b2294,b2300,b2303,b2312,b2329,b2414,b2416,b2439,b2472,b2477,b2478,b2496,b2498,b2502,b2507,b2512,b2523,b2529,b2531,b2551,b2553,b2564,b2569,b2571,b2584,b2592,b2601,b2604,b2607,b2617,b2659,b2685,b2697,b2705,b2708,b2709,b2710,b2726,b2728,b2731,b2733,b2746,b2747,b2748,b2750,b2765,b2779,b2780,b2837,b2843,b2873,b2903,b2908,b2910,b2913,b2914,b2924,b2925,b2942,b2957,b2990,b3005,b3006,b3011,b3041,b3042,b3058,b3064,b3072,b3073,b3113,b3117,b3149,b3153,b3164,b3172,b3187,b3197,b3199,b3200,b3225,b3234,b3235,b3237,b3248,b3251,b3252,b3279,b3291,b3336,b3357,b3359,b3401,b3404,b3424,b3495,b3510,b3514,b3529,b3591,b3634,b3639,b3641,b3648,b3656,b3686,b3687,b3701,b3702,b3706,b3708,b3713,b3730,b3744,b3746,b3748,b3770,b3774,b3783,b3784,b3786,b3789,b3791,b3831,b3834,b3836,b3838,b3839,b3843,b3869,b3870,b3902,b3911,b4484,b3915,b3916,b3919,b3926,b3931,b3932,b3942,b3956,b3962,b4000,b4002,b4025,b4042,b4043,b4046,b4052,b4054,b4058,b4059,b4125,b4131,b4142,b4143,b4168,b4170,b4187,b4193,b4201,b4207,b4232,b4233,b4245,b4328,b4352,b4355,b4362,b4384,b4390,b4398,b4401",0.147078360086112,0.100620798005819,0.0852269308877253
"GO:0016491","oxidoreductase activity","GO:0016491","oxidoreductase activity","MF",299,"299/2622","b0002,b0029,b0031,b0039,b0042,b0043,b0046,b0048,b0052,b0073,b0104,b0114,b0115,b0116,b0123,b0124,b0173,b0207,b0221,b0243,b0306,b0311,b0325,b0356,b0368,b0386,b0414,b0419,b0425,b0429,b0430,b0431,b0432,b0493,b0514,b0529,b0578,b0596,b0599,b0605,b0606,b0662,b0684,b0721,b0722,b0723,b0724,b0726,b0733,b0734,b4515,b0801,b0804,b0812,b0838,b0849,b0851,b0871,b0872,b0873,b0888,b0896,b0902,b0935,b0945,b0947,b0974,b0996,b0997,b1004,b1008,b1019,b1033,b1055,b1057,b1064,b1093,b1128,b1136,b1185,b1189,b1210,b1227,b1241,b1406,b1412,b1539,b1542,b1590,b1602,b1606,b1619,b1624,b1628,b1631,b1646,b1647,b1650,b1654,b1656,b1667,b1670,b1687,b1710,b1732,b1734,b1753,b1761,b1765,b1778,b1779,b1832,b1852,b1873,b1971,b1972,b2020,b2028,b2029,b2091,b2137,b2140,b2146,b2147,b2172,b2195,b2202,b2206,b2210,b2212,b2234,b2235,b2236,b2241,b2242,b2255,b2276,b2277,b2278,b2279,b2280,b2281,b2282,b2285,b2286,b2287,b2288,b2301,b2302,b2319,b2320,b2326,b2341,b2342,b2426,b2431,b2436,b2468,b2480,b2495,b2508,b2515,b2525,b2545,b2552,b2574,b2582,b2600,b2659,b2660,b2661,b2673,b2675,b2676,b2705,b2710,b2711,b2713,b2719,b2720,b2721,b2722,b2723,b2762,b2764,b2766,b2769,b2770,b4463,b2794,b2799,b2834,b2842,b2866,b2867,b2868,b2880,b2881,b2887,b2893,b2895,b2903,b2906,b2907,b2913,b2927,b2955,b2989,b2994,b2995,b2996,b2997,b3001,b3003,b3011,b3012,b3017,b3028,b3029,b3039,b3070,b3081,b3087,b3102,b3124,b3125,b3152,b3160,b3212,b3213,b3236,b3253,b3260,b3281,b3336,b3351,b3365,b3366,b3368,b3426,b3433,b3439,b3440,b3500,b3503,b3518,b3551,b3553,b3573,b3588,b3600,b3605,b3608,b3610,b3616,b3665,b3674,b3713,b3774,b3781,b3787,b3800,b3844,b3846,b3850,b3867,b3892,b3893,b3908,b3924,b3940,b3941,b3942,b3945,b3952,b3958,b3962,b3972,b4049,b4051,b4070,b4071,b4072,b4119,b4136,b4151,b4152,b4153,b4154,b4166,b4187,b4211,b4219,b4237,b4238,b4269,b4323,b4367,b4379",0.273099354381197,0.13095826949743,0.203257610189351
"GO:0003700","DNA-binding transcription factor activity","GO:0003700","DNA-binding transcription factor activity","MF",133,"133/2622","b0020,b0034,b0064,b0076,b0080,b0081,b0113,b0162,b0208,b0313,b0399,b0464,b0487,b0506,b0603,b0620,b0683,b0694,b0761,b0796,b0817,b0840,b0846,b0889,b0994,b0995,b1013,b1040,b1111,b1130,b1187,b1221,b1235,b1237,b1284,b1334,b1434,b1439,b1530,b1531,b1618,b1642,b1649,b1712,b1735,b1827,b1922,b1969,b1987,b1988,b2015,b2079,b2125,b2151,b2157,b2163,b2213,b2217,b2381,b2382,b2409,b2437,b2531,b2561,b2573,b2577,b2664,b2667,b2684,b2697,b2707,b2709,b2741,b2805,b2808,b2837,b2916,b3010,b3025,b3067,b3071,b3075,b3094,b3105,b3131,b3169,b3202,b3226,b3237,b3243,b3261,b3292,b3357,b3405,b3438,b3461,b3481,b3516,b3521,b3569,b3604,b3641,b3711,b3743,b3755,b4480,b3773,b3828,b3905,b3912,b3934,b3938,b3954,b3961,b3963,b4018,b4043,b4046,b4062,b4113,b4116,b4118,b4124,b4135,b4178,b4191,b4241,b4324,b4357,b4393,b4396,b4398,b4401",-0.01670506319706,0.0300269730511193,0.0614802336569217
"GO:0022857","transmembrane transporter activity","GO:0022857","transmembrane transporter activity","MF",343,"343/2622","b0010,b0019,b0040,b0047,b0066,b0067,b0069,b0089,b0112,b0151,b0153,b0155,b0198,b0199,b0328,b0336,b0367,b0396,b0401,b0402,b0408,b0409,b0411,b0427,b0429,b0430,b0431,b0432,b0433,b0445,b0449,b0451,b0462,b0463,b0465,b0478,b0484,b0486,b0513,b0584,b0588,b0589,b0591,b0598,b0624,b0627,b0634,b0653,b0654,b0679,b0696,b0697,b0709,b0738,b0739,b0751,b0752,b0760,b0762,b0763,b0764,b0765,b0792,b0793,b0794,b0805,b0809,b0810,b0811,b0813,b0829,b0830,b0831,b0832,b0842,b0845,b0847,b0855,b0860,b0862,b0863,b0874,b0875,b0879,b0886,b0887,b0898,b0914,b0933,b0936,b0957,b0960,b1015,b1053,b1102,b1117,b1124,b1125,b1126,b1186,b1216,b1243,b1244,b1245,b1246,b1247,b1252,b1290,b1293,b1294,b1329,b1342,b1451,b1534,b1599,b1600,b1644,b1657,b1663,b1709,b1729,b1736,b1738,b1791,b1798,b1817,b1818,b1819,b1821,b1828,b1858,b1859,b1889,b1890,b1900,b1901,b1907,b1917,b1918,b1920,b1985,b2008,b2014,b2075,b2076,b2077,b2093,b2106,b2129,b2148,b2149,b2155,b2156,b2167,b2169,b2177,b2180,b2182,b2199,b2200,b2201,b2211,b2215,b2240,b4544,b2258,b2276,b2277,b2278,b2279,b2280,b2286,b2287,b2288,b2292,b2298,b2306,b2307,b2308,b2322,b2389,b2392,b2393,b2410,b2413,b2422,b2423,b2424,b2429,b2452,b2470,b2497,b2536,b2546,b2578,b2663,b2670,b2677,b2678,b2679,b2685,b2686,b2703,b2704,b2719,b2721,b2723,b2775,b2789,b2796,b2835,b2841,b2923,b2924,b2933,b2943,b2964,b3005,b3006,b3009,b3040,b3078,b3089,b3093,b3116,b3133,b3161,b3175,b3196,b3199,b3204,b3224,b3240,b3241,b3258,b3266,b3290,b3291,b3300,b3350,b3358,b3364,b3367,b3415,b4476,b3450,b3451,b3452,b3454,b3455,b3456,b3457,b3463,b3469,b3471,b3473,b3476,b3477,b3478,b3479,b3480,b3496,b3514,b3523,b3528,b3540,b3541,b3542,b3543,b3544,b3547,b3567,b3568,b3599,b3603,b3653,b3654,b3662,b3666,b3667,b3685,b3710,b3714,b3725,b3726,b3727,b3731,b3733,b3734,b3735,b3736,b3737,b3738,b3746,b3747,b3749,b3750,b3754,b3816,b3823,b3824,b3827,b3836,b3838,b3839,b3849,b3907,b3909,b3915,b3917,b3927,b3943,b3949,b3950,b3953,b3962,b3981,b4020,b4032,b4033,b4034,b4035,b4044,b4065,b4067,b4074,b4077,b4111,b4115,b4123,b4130,b4138,b4141,b4148,b4156,b4159,b4193,b4194,b4195,b4208,b4230,b4231,b4242",0.269588755272625,0.106828535821783,0.18983385530915
"GO:0051539","4 iron, 4 sulfur cluster binding","GO:0051539","4 iron, 4 sulfur cluster binding","MF",74,"74/2622","b0029,b0072,b0118,b0156,b0628,b0661,b0724,b0750,b0771,b0775,b0781,b0835,b0902,b1334,b1344,b1628,b1633,b1671,b1674,b1683,b1687,b1814,b1851,b2147,b2163,b2205,b2206,b2208,b2281,b2287,b2468,b2515,b2517,b2529,b2562,b2713,b2719,b2720,b2721,b2724,b2729,b2777,b2785,b2797,b2886,b2887,b2955,b2961,b2996,b2997,b3081,b4471,b3158,b3159,b3211,b3213,b3365,b3410,b3414,b3573,b3771,b3800,b3867,b3893,b3952,b3990,b3994,b4072,b4146,b4153,b4166,b4237,b4334,b4379",0.329465535277575,0.170744215594531,0.31611239872985
"GO:0016829","lyase activity","GO:0016829","lyase activity","MF",136,"136/2622","b0004,b0036,b0061,b0071,b0072,b0118,b0120,b0126,b0131,b0180,b0186,b0211,b0369,b0424,b0475,b0481,b0505,b0507,b0522,b0611,b0633,b0708,b0714,b0771,b0781,b0783,b0823,b0825,b0870,b0897,b0954,b0963,b1096,b1097,b1131,b1193,b1218,b1260,b1261,b1263,b1281,b1622,b1633,b1651,b1675,b1693,b1814,b1850,b1851,b1967,b2011,b2022,b2025,b2096,b2097,b2255,b2261,b2262,b2263,b2303,b2311,b2329,b2341,b2342,b2414,b2421,b2428,b2440,b2478,b2530,b2558,b2599,b2687,b2701,b2730,b2746,b2765,b2777,b2779,b2788,b2797,b2800,b2810,b2812,b2838,b2871,b2925,b2929,b2963,b2965,b3008,b3041,b3058,b3091,b4470,b4471,b3117,b3126,b3128,b3153,b3209,b3225,b3368,b3389,b3403,b3635,b3639,b3708,b3771,b3788,b3804,b3806,b3843,b3846,b3902,b3939,b3946,b3951,b3956,b3960,b3990,b3994,b3997,b4015,b4039,b4117,b4131,b4139,b4160,b4167,b4196,b4198,b4322,b4335,b4381,b4392",0.224857557950203,0.0829589413400069,0.151564979629994
"GO:0016887","ATP hydrolysis activity","GO:0016887","ATP hydrolysis activity","MF",96,"96/2622","b0014,b0059,b0066,b0148,b0151,b0199,b0438,b0439,b0449,b0473,b0484,b0490,b0495,b0588,b0765,b0779,b0794,b0797,b0809,b0829,b0855,b0879,b0882,b0886,b0887,b0892,b0914,b0933,b0949,b0962,b1117,b1126,b1175,b1203,b1246,b1247,b1290,b1343,b1413,b1682,b1709,b1756,b1808,b1900,b1917,b2069,b2129,b2149,b2180,b2184,b2201,b2211,b2306,b2422,b2526,b2557,b2576,b2592,b2677,b2729,b2733,b3162,b3178,b3195,b3201,b3232,b3352,b3450,b3454,b3455,b3463,b3469,b3479,b3480,b3486,b3540,b3541,b3567,b3725,b3746,b3749,b3780,b3813,b3822,b3931,b4005,b4035,b4052,b4058,b4096,b4142,b4143,b4168,b4170,b4173,b4391",0.176309100204308,0.0226462853320235,0.0863976398815803
"GO:0003735","structural constituent of ribosome","GO:0003735","structural constituent of ribosome","MF",55,"55/2622","b0023,b0169,b0911,b1089,b1716,b1717,b2185,b2606,b2609,b3065,b3165,b3185,b3186,b3230,b3231,b3294,b3296,b3297,b3298,b3299,b3301,b3302,b3303,b3304,b3305,b3306,b3307,b3308,b3309,b3310,b3311,b3312,b3313,b3314,b3315,b3316,b3317,b3318,b3319,b3320,b3321,b3341,b3342,b3407,b3636,b3637,b3703,b3936,b3983,b3984,b3985,b3986,b4200,b4202,b4203",0.0136933634615847,0.025538552705932,0.0327809846152939
"GO:0016853","isomerase activity","GO:0016853","isomerase activity","MF",87,"87/2622","b0028,b0036,b0053,b0058,b0061,b0062,b0154,b0222,b0405,b0436,b0441,b0523,b0525,b0593,b0604,b0678,b0755,b0756,b0759,b0954,b1086,b1190,b1269,b1325,b1613,b1763,b1780,b2024,b2183,b2231,b2265,b2293,b2301,b2303,b2318,b2341,b2494,b2544,b2594,b2599,b2600,b2690,b2708,b2745,b2791,b2840,b2843,b2889,b2893,b2914,b3008,b3019,b3030,b3058,b3092,b3166,b3176,b3197,b3223,b3283,b3347,b3349,b3386,b3565,b3592,b3612,b3619,b3699,b3748,b3775,b3786,b3809,b3846,b3901,b3903,b3919,b3967,b4022,b4025,b4053,b4146,b4167,b4197,b4198,b4207,b4383,b4395",0.010544672265163,-0.011180567457039,0.00163120047303525
"GO:0030170","pyridoxal phosphate binding","GO:0030170","pyridoxal phosphate binding","MF",41,"41/2622","b0004,b0154,b0774,b0870,b0907,b0947,b1096,b1190,b1261,b1439,b1622,b2253,b2290,b2379,b2414,b2418,b2421,b2530,b2551,b2662,b2810,b2838,b2871,b2903,b2951,b2965,b3008,b3073,b3117,b3359,b3417,b3572,b3591,b3617,b3708,b3791,b3910,b3939,b4053,b4054,b4117",0.352231799247734,0.0458289095050712,0.166571333434899
"GO:0004518","nuclease activity","GO:0004518","nuclease activity","MF",51,"51/2622","b0060,b0132,b0183,b0214,b0397,b0398,b0410,b0422,b0611,b0659,b0779,b1084,b1099,b1100,b1286,b1340,b1652,b1724,b1741,b1749,b1804,b1844,b1863,b1960,b2011,b2268,b2509,b2567,b2609,b2798,b2819,b2820,b2831,b2892,b2945,b2949,b3155,b3164,b3247,b3635,b3643,b3701,b3704,b4483,b3863,b3998,b4058,b4162,b4179,b4372,b4378",-0.0914310035280538,0.0106398913687821,-0.0634643772246963
"GO:0008168","methyltransferase activity","GO:0008168","methyltransferase activity","MF",50,"50/2622","b0082,b0195,b0213,b0636,b0807,b0921,b0948,b0967,b1212,b1335,b1519,b1835,b1871,b1884,b1961,b2213,b2232,b2330,b2517,b2532,b2575,b2581,b2607,b2743,b2785,b2806,b2827,b2946,b2960,b3084,b3146,b3179,b3259,b3262,b3289,b3368,b3387,b3465,b3497,b3499,b3606,b3651,b3740,b3829,b3833,b3965,b4019,b4180,b4371,b4403",-0.00468119892069802,0.0452779974025549,0.0725473476515609
"GO:0016746","acyltransferase activity","GO:0016746","acyltransferase activity","MF",65,"65/2622","b0074,b0115,b0166,b0179,b0180,b0181,b0234,b0494,b0594,b0630,b0657,b0720,b0727,b0885,b0903,b0954,b1066,b1090,b1091,b1092,b1093,b1095,b1427,b1428,b1448,b1584,b1747,b1855,b1882,b2264,b2267,b2323,b2342,b2378,b2434,b2474,b2579,b2584,b2818,b2836,b2844,b3018,b3059,b3064,b3114,b3156,b3441,b3447,b3459,b3550,b3607,b3617,b3730,b3790,b3825,b3845,b3862,b3888,b4012,b4013,b4014,b4093,b4155,b4256,b4373",0.188678795567384,0.0808750749668894,0.109253183406496
"GO:1904680","peptide transmembrane transporter activity","GO:1904680","peptide transmembrane transporter activity","MF",30,"30/2622","b0069,b0445,b0584,b0709,b0829,b0830,b0831,b0832,b0879,b1243,b1293,b1294,b1329,b1534,b1663,b1985,b2155,b2177,b2182,b2211,b3476,b3477,b3478,b3496,b3540,b3541,b3542,b3543,b3544,b4130",0.288234917945868,0.143703389280404,0.295939528004456
"GO:0008324","cation transmembrane transporter activity","GO:0008324","cation transmembrane transporter activity","MF",127,"127/2622","b0010,b0019,b0040,b0047,b0066,b0067,b0112,b0155,b0198,b0199,b0336,b0401,b0429,b0430,b0431,b0432,b0433,b0451,b0478,b0484,b0696,b0697,b0709,b0752,b0765,b0809,b0810,b0813,b0842,b0847,b0855,b0874,b1015,b1053,b1126,b1186,b1216,b1290,b1293,b1342,b1599,b1600,b1663,b1798,b1821,b1858,b1859,b1889,b1890,b2014,b2075,b2076,b2106,b2129,b2156,b2167,b2182,b2292,b2306,b2308,b2392,b2393,b2413,b2452,b2497,b2536,b2670,b2678,b2686,b2789,b2796,b2835,b2923,b2943,b2964,b3040,b3089,b3116,b3161,b3196,b3224,b3258,b3290,b3350,b4476,b3454,b3455,b3456,b3457,b3469,b3477,b3478,b3479,b3480,b3496,b3528,b3603,b3653,b3685,b3710,b3714,b3731,b3733,b3734,b3735,b3736,b3737,b3738,b3747,b3816,b3823,b3824,b3849,b3909,b3915,b3949,b3962,b4020,b4065,b4077,b4111,b4115,b4130,b4141,b4148,b4208,b4242",0.29438626111371,0.0876762614932056,0.191482583912329
"GO:0030234","enzyme regulator activity","GO:0030234","enzyme regulator activity","MF",41,"41/2622","b0023,b0078,b0101,b0170,b0220,b0450,b0892,b0975,b0999,b1045,b1105,b1178,b1203,b1639,b1679,b1703,b2009,b2042,b2095,b2209,b2314,b2415,b2520,b2524,b2553,b2556,b2717,b2993,b3132,b3147,b3204,b3319,b3388,b3670,b3781,b3844,b3866,b3929,b4059,b4188,b4255",0.156990671471,0.0982251768350368,0.0895629146304424
"GO:0140657","ATP-dependent activity","GO:0140657","ATP-dependent activity","MF",146,"146/2622","b0014,b0059,b0066,b0148,b0151,b0198,b0199,b0408,b0409,b0437,b0438,b0439,b0449,b0473,b0484,b0490,b0495,b0588,b0696,b0697,b0760,b0763,b0765,b0779,b0794,b0797,b0809,b0829,b0855,b0879,b0882,b0886,b0887,b0892,b0914,b0933,b0936,b0949,b0955,b0962,b1117,b1124,b1125,b1126,b1175,b1183,b1203,b1246,b1247,b1290,b1343,b1413,b1682,b1709,b1756,b1805,b1808,b1858,b1859,b1860,b1861,b1900,b1901,b1917,b2069,b2129,b2149,b2180,b2184,b2201,b2211,b2231,b2306,b2422,b2423,b2424,b2526,b2557,b2576,b2592,b2677,b2699,b2729,b2733,b2819,b2820,b2836,b3019,b3030,b3162,b3175,b3178,b3195,b3201,b3232,b3352,b3450,b3454,b3455,b3463,b3469,b3477,b3478,b3479,b3480,b3486,b3540,b3541,b3567,b3652,b3699,b3725,b3733,b3734,b3735,b3736,b3737,b3738,b3746,b3749,b3765,b3780,b3783,b3813,b3822,b3917,b3931,b3932,b3935,b3981,b4005,b4032,b4033,b4035,b4052,b4058,b4096,b4142,b4143,b4168,b4170,b4173,b4179,b4242,b4389,b4391",0.164842216054436,0.0343729676030967,0.0869476782900992
"GO:0140640","catalytic activity, acting on a nucleic acid","GO:0140640","catalytic activity, acting on a nucleic acid","MF",186,"186/2622","b0026,b0058,b0059,b0060,b0082,b0132,b0144,b0147,b0148,b0183,b0184,b0188,b0191,b0194,b0195,b0214,b0231,b0397,b0398,b0405,b0406,b0422,b0481,b0526,b0611,b0636,b0640,b0659,b0708,b0714,b0779,b0797,b0807,b0892,b0893,b0916,b0921,b0930,b0948,b0962,b0967,b1084,b1086,b1099,b1100,b1183,b1204,b1210,b1269,b1286,b1340,b1343,b1413,b1633,b1652,b1719,b1724,b1741,b1749,b1763,b1787,b1804,b1808,b1835,b1842,b1860,b1861,b1863,b1871,b1922,b1960,b1961,b2011,b2068,b2140,b2183,b2184,b2212,b2231,b2268,b2318,b2330,b2400,b2411,b2509,b2514,b2517,b2532,b2567,b2575,b2576,b2580,b2581,b2594,b2607,b2609,b2697,b2699,b2745,b2785,b2791,b2798,b2806,b2812,b2819,b2820,b2830,b2831,b2892,b2894,b2945,b2946,b2949,b2960,b2961,b3019,b3030,b3056,b3066,b3068,b3084,b3146,b3155,b3162,b3164,b3166,b3179,b3202,b3247,b3260,b3262,b3283,b3288,b3289,b3295,b3384,b3387,b3461,b3465,b3497,b3499,b3549,b3559,b3560,b3591,b3606,b3635,b3643,b3647,b3649,b3651,b3652,b3699,b3701,b3704,b3740,b3780,b3783,b3811,b3813,b3822,b4483,b3863,b3887,b3935,b3965,b3987,b3988,b3996,b3998,b4022,b4049,b4052,b4058,b4155,b4162,b4171,b4179,b4180,b4258,b4259,b4371,b4372,b4378,b4389,b4403",-0.0874723807234957,-0.020459792858721,-0.0403765801788705
